image_name,nature_visual,nep_materiality_visual,nep_biological_visual,landscape-type_visual,platform_id,index
1477143545832435712_0,No,,,,1477143545832435712,0
1477219043216142337_1,Yes,material,biotic,artificial_surfaces,1477219043216142337,1
1478955485134995457_0,No,,,,1478955485134995457,0
1479936952363372545_2,Yes,material,abiotic,forest_and_seminatural_areas,1479936952363372545,2
1479936952363372545_3,Yes,material,abiotic,forest_and_seminatural_areas,1479936952363372545,3
1480691926978412547_0,No,,,,1480691926978412547,0
1481144911869411332_0,Yes,immaterial,biotic,,1481144911869411332,0
1481522399120347139_0,Yes,immaterial,biotic,,1481522399120347139,0
1481597896743079940_0,No,,,,1481597896743079940,0
1481597896743079940_1,No,,,,1481597896743079940,1
1483334338511269890_0,No,,,,1483334338511269890,0
1483560830918696962_0,Yes,immaterial,biotic,,1483560830918696962,0
1484391303160872961_0,No,,,,1484391303160872961,0
1484768790487437315_0,No,,,,1484768790487437315,0
1484768790487437315_1,No,,,,1484768790487437315,1
1484919785347497993_0,No,,,,1484919785347497993,0
1484919785347497993_1,No,,,,1484919785347497993,1
1489374136321384450_0,No,,,,1489374136321384450,0
1491261572961898500_0,No,,,,1491261572961898500,0
1492167542760169472_0,No,,,,1492167542760169472,0
1492847019878191104_0,No,,,,1492847019878191104,0
1492998014834778115_0,No,,,,1492998014834778115,0
1493224507393380355_0,No,,,,1493224507393380355,0
1493450999759089665_0,Yes,immaterial,abiotic,,1493450999759089665,0
1495036446679384068_0,Yes,material,abiotic,,1495036446679384068,0
1496244406243975169_0,Yes,immaterial,biotic,,1496244406243975169,0
1497452365716332546_0,Yes,material,biotic,,1497452365716332546,0
1498660325373227012_0,No,,,,1498660325373227012,0
1500774254471696384_0,No,,,,1500774254471696384,0
1501227239454748672_0,Yes,material,biotic,,1501227239454748672,0
1501755721771536388_0,Yes,material,biotic,,1501755721771536388,0
1502057711638392848_0,No,,,,1502057711638392848,0
1502057711638392848_1,No,,,,1502057711638392848,1
1502057711638392848_2,No,,,,1502057711638392848,2
1504398133136084994_0,Yes,material,biotic,artificial_surfaces,1504398133136084994,0
1504398133136084994_1,Yes,material,biotic,artificial_surfaces,1504398133136084994,1
1504398133136084994_2,Yes,material,biotic,artificial_surfaces,1504398133136084994,2
1504398133136084994_3,Yes,material,biotic,artificial_surfaces,1504398133136084994,3
1508097509406691329_0,No,,,,1508097509406691329,0
1508625991559655428_0,No,,,,1508625991559655428,0
1511343900576862208_0,No,,,,1511343900576862208,0
1511645890410340353_0,Yes,material,biotic,,1511645890410340353,0
1511645890410340353_1,Yes,material,biotic,,1511645890410340353,1
1513457829910556674_0,No,,,,1513457829910556674,0
1515118774168469509_0,Yes,material,biotic,,1515118774168469509,0
1515118774168469509_1,Yes,material,biotic,,1515118774168469509,1
1515873748796473359_0,Yes,material,abiotic,water_bodies,1515873748796473359,0
1516553226283192322_0,Yes,immaterial,biotic,artificial_surfaces,1516553226283192322,0
1517912180762497025_0,No,,,,1517912180762497025,0
1519799617558261761_0,Yes,material,biotic,artificial_surfaces,1519799617558261761,0
1520403597233688576_0,No,,,,1520403597233688576,0
1520403597233688576_1,No,,,,1520403597233688576,1
1520932079491502082_0,No,,,,1520932079491502082,0
1525235435340898305_0,No,,,,1525235435340898305,0
1525235435340898305_1,No,,,,1525235435340898305,1
1527198369835126784_0,No,,,,1527198369835126784,0
1527198369835126784_1,No,,,,1527198369835126784,1
1528557324167675904_0,Yes,immaterial,biotic,,1528557324167675904,0
1532256700408791041_0,No,,,,1532256700408791041,0
1532936177577492480_0,No,,,,1532936177577492480,0
1532936177577492480_1,No,,,,1532936177577492480,1
1534823614427451393_0,No,,,,1534823614427451393,0
1534823614427451393_1,No,,,,1534823614427451393,1
1534823614427451393_2,No,,,,1534823614427451393,2
1537164036097380352_0,No,,,,1537164036097380352,0
1537692518342709253_1,Yes,material,biotic,artificial_surfaces,1537692518342709253,1
1538070005752991744_0,No,,,,1538070005752991744,0
1538522990534705152_0,No,,,,1538522990534705152,0
1540183934989791234_0,No,,,,1540183934989791234,0
1542146869266157573_0,Yes,material,biotic,artificial_surfaces,1542146869266157573,0
1543128336318308353_0,Yes,material,biotic,,1543128336318308353,0
1543958808569020418_0,Yes,immaterial,abiotic,,1543958808569020418,0
1544260798322802688_0,No,,,,1544260798322802688,0
1544260798322802688_1,No,,,,1544260798322802688,1
1544260798322802688_2,No,,,,1544260798322802688,2
1544260798322802688_3,No,,,,1544260798322802688,3
1544487290868842496_0,Yes,material,biotic,,1544487290868842496,0
1544940275717419009_0,No,,,,1544940275717419009,0
1548186666979901445_0,No,,,,1548186666979901445,0
1548186666979901445_1,No,,,,1548186666979901445,1
1554377459378049024_0,No,,,,1554377459378049024,0
1556793378746015745_0,Yes,material,biotic,,1556793378746015745,0
1556793378746015745_1,Yes,material,biotic,,1556793378746015745,1
1558605317952352256_0,Yes,material,biotic,artificial_surfaces,1558605317952352256,0
1559209297833254913_0,No,,,,1559209297833254913,0
1560719247390547969_0,Yes,material,biotic,forest_and_seminatural_areas,1560719247390547969,0
1561474222106574848_0,No,,,,1561474222106574848,0
1561474222106574848_1,No,,,,1561474222106574848,1
1561851709483528192_0,No,,,,1561851709483528192,0
1564343126029901826_0,No,,,,1564343126029901826,0
1564645115829927938_0,No,,,,1564645115829927938,0
1566759045041643521_0,No,,,,1566759045041643521,0
1568419989396537344_0,No,,,,1568419989396537344,0
1568721979372613634_0,Yes,material,biotic,artificial_surfaces,1568721979372613634,0
1569099466795356160_0,Yes,material,biotic,,1569099466795356160,0
1569250461651173378_0,Yes,immaterial,abiotic,forest_and_seminatural_areas,1569250461651173378,0
1569250461651173378_3,Yes,immaterial,abiotic,forest_and_seminatural_areas,1569250461651173378,3
1569627948679938049_0,No,,,,1569627948679938049,0
1569627948679938049_1,No,,,,1569627948679938049,1
1570986903549386756_0,No,,,,1570986903549386756,0
1572723345371676674_0,No,,,,1572723345371676674,0
1573100832794578949_0,Yes,immaterial,abiotic,water_bodies,1573100832794578949,0
1573100832794578949_1,Yes,immaterial,abiotic,water_bodies,1573100832794578949,1
1577781676050157568_0,No,,,,1577781676050157568,0
1577781676050157568_1,No,,,,1577781676050157568,1
1578914138138759168_0,Yes,material,biotic,,1578914138138759168,0
1582236026587971584_0,No,,,,1582236026587971584,0
1582915504167014400_0,No,,,,1582915504167014400,0
1583821473680044033_0,No,,,,1583821473680044033,0
1584802940791164928_0,Yes,material,biotic,,1584802940791164928,0
1587143362573963270_0,No,,,,1587143362573963270,0
1588577814517022720_0,No,,,,1588577814517022720,0
1589257291702075394_0,No,,,,1589257291702075394,0
1589257291702075394_1,No,,,,1589257291702075394,1
1589710276647358464_0,No,,,,1589710276647358464,0
1592730175456043008_0,Yes,immaterial,biotic,artificial_surfaces,1592730175456043008,0
1593485150175711232_0,No,,,,1593485150175711232,0
1594240124967342082_0,No,,,,1594240124967342082,0
1595750074386354177_0,No,,,,1595750074386354177,0
1596052064219676673_0,Yes,immaterial,abiotic,,1596052064219676673,0
1596958033762193408_0,No,,,,1596958033762193408,0
1597109028848807937_0,No,,,,1597109028848807937,0
1598769973174079493_0,No,,,,1598769973174079493,0
1598920967824474112_0,No,,,,1598920967824474112,0
1599222958098157573_0,No,,,,1599222958098157573,0
1599373952652300289_0,No,,,,1599373952652300289,0
1600732907345248256_0,No,,,,1600732907345248256,0
1600883902414995456_0,No,,,,1600883902414995456,0
1602846836686876673_0,No,,,,1602846836686876673,0
1603148826608431104_0,No,,,,1603148826608431104,0
1604130293786759168_0,No,,,,1604130293786759168,0
1609657715227529216_0,No,,,,1609657715227529216,0
1610548585464053760_0,No,,,,1610548585464053760,0
1611756545087541248_0,No,,,,1611756545087541248,0
1611756545087541248_1,No,,,,1611756545087541248,1
1612662514738941955_0,No,,,,1612662514738941955,0
1613417489261793280_0,No,,,,1613417489261793280,0
1614806642893135873_0,No,,,,1614806642893135873,0
1615244528231022593_0,No,,,,1615244528231022593,0
1617675546661617666_0,Yes,material,biotic,,1617675546661617666,0
1617675546661617666_1,Yes,material,biotic,,1617675546661617666,1
1617675546661617666_2,Yes,material,biotic,,1617675546661617666,2
1617675546661617666_3,Yes,material,biotic,,1617675546661617666,3
1618249327641755649_0,Yes,material,biotic,,1618249327641755649,0
1620061266890080260_0,No,,,,1620061266890080260,0
1622039300761350146_0,Yes,material,biotic,artificial_surfaces,1622039300761350146,0
1623081165644091395_0,No,,,,1623081165644091395,0
1623081165644091395_1,No,,,,1623081165644091395,1
1626252059728134146_0,No,,,,1626252059728134146,0
1626252059728134146_1,No,,,,1626252059728134146,1
1626252059728134146_2,No,,,,1626252059728134146,2
1626252059728134146_3,No,,,,1626252059728134146,3
1626554049611853826_0,No,,,,1626554049611853826,0
1628063998946967553_0,No,,,,1628063998946967553,0
1628245192821334016_0,No,,,,1628245192821334016,0
1628245192821334016_1,No,,,,1628245192821334016,1
1628381088442896384_0,No,,,,1628381088442896384,0
1628516983850299394_0,No,,,,1628516983850299394,0
1628667978815340545_0,No,,,,1628667978815340545,0
1628818973730181120_0,No,,,,1628818973730181120,0
1629015267169665025_0,Yes,material,biotic,other,1629015267169665025,0
1629120963622375431_0,No,,,,1629120963622375431,0
1629332356342648837_0,No,,,,1629332356342648837,0
1629468251645157394_1,Yes,material,biotic,artificial_surfaces,1629468251645157394,1
1629589047751393281_0,No,,,,1629589047751393281,0
1629589047751393281_1,No,,,,1629589047751393281,1
1629740042712121345_0,No,,,,1629740042712121345,0
1629875938283356164_0,No,,,,1629875938283356164,0
1629875938283356164_1,No,,,,1629875938283356164,1
1630102430636716038_2,Yes,material,biotic,,1630102430636716038,2
1630177928268120065_0,No,,,,1630177928268120065,0
1630328922910101504_0,Yes,material,biotic,other,1630328922910101504,0
1630495017520492546_0,No,,,,1630495017520492546,0
1630646012581937153_0,Yes,material,biotic,artificial_surfaces,1630646012581937153,0
1630781907901227010_0,No,,,,1630781907901227010,0
1630932902954389504_0,No,,,,1630932902954389504,0
1631098997187158019_0,Yes,material,biotic,,1631098997187158019,0
1631098997187158019_1,Yes,material,biotic,,1631098997187158019,1
1631567081689829379_0,No,,,,1631567081689829379,0
1631838872475713537_0,Yes,material,abiotic,forest_and_seminatural_areas,1631838872475713537,0
1632004967094702080_0,No,,,,1632004967094702080,0
1632155962042900480_1,Yes,material,biotic,artificial_surfaces,1632155962042900480,1
1632291857366495232_0,No,,,,1632291857366495232,0
1632457951851028481_0,No,,,,1632457951851028481,0
1632593847061561344_0,No,,,,1632593847061561344,0
1632744842290941952_0,Yes,material,abiotic,,1632744842290941952,0
1632895837264068608_0,No,,,,1632895837264068608,0
1633046832162144256_0,No,,,,1633046832162144256,0
1633197827064045570_1,Yes,immaterial,abiotic,,1633197827064045570,1
1633363921460445184_0,No,,,,1633363921460445184,0
1633499816973180928_0,No,,,,1633499816973180928,0
1633665911369478149_0,No,,,,1633665911369478149,0
1633665911369478149_1,No,,,,1633665911369478149,1
1633665911369478149_2,No,,,,1633665911369478149,2
1633952801805189120_0,No,,,,1633952801805189120,0
1634103796274982913_0,No,,,,1634103796274982913,0
1634254791659384832_0,No,,,,1634254791659384832,0
1634405786666377225_0,No,,,,1634405786666377225,0
1634556781593604098_0,No,,,,1634556781593604098,0
1634707776369827843_0,No,,,,1634707776369827843,0
1634858771351740416_0,No,,,,1634858771351740416,0
1635311756271849474_0,No,,,,1635311756271849474,0
1635477850793947136_0,No,,,,1635477850793947136,0
1635477850793947136_1,No,,,,1635477850793947136,1
1635477850793947136_2,No,,,,1635477850793947136,2
1635477850793947136_3,No,,,,1635477850793947136,3
1635613746226667522_0,No,,,,1635613746226667522,0
1635794939924865024_0,No,,,,1635794939924865024,0
1635915735724597248_0,Yes,material,abiotic,artificial_surfaces,1635915735724597248,0
1636534815007834113_0,No,,,,1636534815007834113,0
1636821705669656598_0,No,,,,1636821705669656598,0
1638029665049649153_0,No,,,,1638029665049649153,0
1641955533887541249_0,Yes,immaterial,abiotic,,1641955533887541249,0
1642559513654861825_0,No,,,,1642559513654861825,0
1643465483331444736_0,No,,,,1643465483331444736,0
1643616478271250441_0,No,,,,1643616478271250441,0
1643918468012490758_0,Yes,immaterial,biotic,,1643918468012490758,0
1644688542361083905_0,Yes,immaterial,biotic,,1644688542361083905,0
1646183392164167685_0,No,,,,1646183392164167685,0
1648627497163198464_0,No,,,,1648627497163198464,0
1648763392578969600_0,No,,,,1648763392578969600,0
1650907520817414160_0,Yes,material,biotic,artificial_surfaces,1650907520817414160,0
1651043416212402178_0,Yes,material,biotic,,1651043416212402178,0
1651043416212402178_1,Yes,material,biotic,,1651043416212402178,1
1651179311720812549_0,Yes,immaterial,biotic,,1651179311720812549,0
1652538266116292608_0,No,,,,1652538266116292608,0
1653128153001529344_0,No,,,,1653128153001529344,0
1654638102420373505_1,Yes,material,biotic,artificial_surfaces,1654638102420373505,1
1654638102420373505_2,Yes,immaterial,biotic,,1654638102420373505,2
1654638102420373505_3,Yes,immaterial,biotic,,1654638102420373505,3
1654804196900884487_0,No,,,,1654804196900884487,0
1654940092425809924_0,No,,,,1654940092425809924,0
1660708099320053760_0,Yes,material,biotic,,1660708099320053760,0
1660828895241805826_0,Yes,material,biotic,artificial_surfaces,1660828895241805826,0
1661463074040348675_0,No,,,,1661463074040348675,0
1661734864830500865_0,Yes,immaterial,biotic,,1661734864830500865,0
1664617861611139072_0,No,,,,1664617861611139072,0
1665358743431704578_0,No,,,,1665358743431704578,0
1666445907154354178_0,No,,,,1666445907154354178,0
1666445907154354178_1,No,,,,1666445907154354178,1
1669284611879481344_0,Yes,immaterial,biotic,,1669284611879481344,0
1670824760396095489_0,No,,,,1670824760396095489,0
1670824760396095489_1,No,,,,1670824760396095489,1
1670945556443672577_0,No,,,,1670945556443672577,0
1671398541208723457_1,Yes,material,biotic,,1671398541208723457,1
1672923589929226240_0,No,,,,1672923589929226240,0
1678042318731919362_0,Yes,material,biotic,artificial_surfaces,1678042318731919362,0
1678223512765595649_2,Yes,material,biotic,artificial_surfaces,1678223512765595649,2
1678510402873835523_0,Yes,immaterial,biotic,,1678510402873835523,0
1678510402873835523_1,Yes,immaterial,biotic,,1678510402873835523,1
1678510402873835523_2,Yes,immaterial,biotic,,1678510402873835523,2
1680171347090227200_0,Yes,material,abiotic,forest_and_seminatural_areas,1680171347090227200,0
1681968187087155204_0,No,,,,1681968187087155204,0
1687147313935118336_0,Yes,material,biotic,forest_and_seminatural_areas,1687147313935118336,0
1687283209011146753_0,Yes,material,biotic,artificial_surfaces,1687283209011146753,0
1688460969956052992_0,Yes,material,biotic,artificial_surfaces,1688460969956052992,0
1689231044216594432_0,No,,,,1689231044216594432,0
1690272908885544961_0,Yes,material,biotic,artificial_surfaces,1690272908885544961,0
1690574898941300738_0,No,,,,1690574898941300738,0
1693021017004814661_0,No,,,,1693021017004814661,0
1693443803049496878_0,No,,,,1693443803049496878,0
1695421836727652576_0,No,,,,1695421836727652576,0
1697384771129635309_0,No,,,,1697384771129635309,0
1699332605831729320_0,No,,,,1699332605831729320,0
1699332605831729320_1,No,,,,1699332605831729320,1
1699332605831729320_2,No,,,,1699332605831729320,2
1699332605831729320_3,No,,,,1699332605831729320,3
1699785590726860853_0,No,,,,1699785590726860853,0
1703711459186987518_0,Yes,material,biotic,,1703711459186987518,0
1704013449175634112_0,No,,,,1704013449175634112,0
1706127378471440491_0,No,,,,1706127378471440491,0
1706580363101786458_0,Yes,material,biotic,,1706580363101786458,0
1706882353111679198_0,No,,,,1706882353111679198,0
1707033348135068148_0,No,,,,1707033348135068148,0
1708407402062635095_0,No,,,,1708407402062635095,0
1708407402062635095_1,No,,,,1708407402062635095,1
1708407402062635095_2,No,,,,1708407402062635095,2
1708573496530391476_0,No,,,,1708573496530391476,0
1711321604444262546_0,Yes,material,biotic,,1711321604444262546,0
1711563196413194632_0,No,,,,1711563196413194632,0
1713073145815646692_0,No,,,,1713073145815646692,0
1714281105392853069_0,No,,,,1714281105392853069,0
1715187074956214677_0,No,,,,1715187074956214677,0
1716848019356663985_0,No,,,,1716848019356663985,0
1717769088628335006_0,No,,,,1717769088628335006,0
1718524063164092435_0,No,,,,1718524063164092435,0
1720169908074369039_0,Yes,immaterial,biotic,,1720169908074369039,0
1721392967301120314_0,Yes,material,abiotic,artificial_surfaces,1721392967301120314,0
1722736822239826385_0,Yes,material,biotic,artificial_surfaces,1722736822239826385,0
1725454731189817423_0,No,,,,1725454731189817423,0
1725454731189817423_1,No,,,,1725454731189817423,1
1725454731189817423_2,No,,,,1725454731189817423,2
1725454731189817423_3,No,,,,1725454731189817423,3
1725756721069510968_0,No,,,,1725756721069510968,0
1725756721069510968_1,No,,,,1725756721069510968,1
1725756721069510968_2,No,,,,1725756721069510968,2
1725756721069510968_3,No,,,,1725756721069510968,3
1729682589626012041_0,No,,,,1729682589626012041,0
1730739554200461343_0,No,,,,1730739554200461343,0
1732868582764097940_0,No,,,,1732868582764097940,0
1733759453194031413_0,Yes,material,biotic,forest_and_seminatural_areas,1733759453194031413,0
1736024377324384396_0,No,,,,1736024377324384396,0
1736779352015003701_0,No,,,,1736779352015003701,0
1477596530618077184_0,No,,,none,1477596530618077184,0
1477596530618077184_1,No,,,none,1477596530618077184,1
1477672028190785546_0,No,,,,1477672028190785546,0
1477672028190785546_2,No,,,,1477672028190785546,2
1477672028190785546_3,No,,,,1477672028190785546,3
1477823022849568769_0,Yes,material,biotic,none,1477823022849568769,0
1477974017982316554_0,Yes,material,biotic,none,1477974017982316554,0
1478200510306217990_0,No,,,none,1478200510306217990,0
1479030982657327106_1,No,,,none,1479030982657327106,1
1479559464743284740_0,No,,,none,1479559464743284740,0
1479634962206711809_0,No,,,none,1479634962206711809,0
1479785957339672576_0,Yes,immaterial,abiotic,none,1479785957339672576,0
1480087946636181504_0,No,,,none,1480087946636181504,0
1480389937061314561_0,No,,,none,1480389937061314561,0
1480842921926660096_0,No,,,none,1480842921926660096,0
1480993916967129094_0,No,,,none,1480993916967129094,0
1481295906842759172_0,Yes,material,abiotic,forest_and_seminatural_areas,1481295906842759172,0
1481975383498969090_0,Yes,material,biotic,,1481975383498969090,0
1482050881524838409_0,No,,,,1482050881524838409,0
1482050881524838409_1,No,,,,1482050881524838409,1
1482050881524838409_2,No,,,,1482050881524838409,2
1482050881524838409_3,No,,,,1482050881524838409,3
1482201876456427525_0,No,,,,1482201876456427525,0
1482428368872251402_0,No,,,,1482428368872251402,0
1482503866306510848_0,Yes,immaterial,biotic,artificial_surfaces,1482503866306510848,0
1483032348711337987_0,No,,,,1483032348711337987,0
1483409836033589258_0,No,,,,1483409836033589258,0
1483862820739497985_0,No,,,,1483862820739497985,0
1483862820739497985_1,No,,,,1483862820739497985,1
1483862820739497985_2,No,,,,1483862820739497985,2
1484089313294188544_0,No,,,,1484089313294188544,0
1484089313294188544_1,No,,,,1484089313294188544,1
1484240308103692289_0,No,,,none,1484240308103692289,0
1484240308103692289_1,No,,,none,1484240308103692289,1
1484240308103692289_2,No,,,none,1484240308103692289,2
1484466800553336840_0,No,,,,1484466800553336840,0
1485297272854351872_0,No,,,,1485297272854351872,0
1485372770347544577_0,No,,,,1485372770347544577,0
1485674760201768966_0,No,,,,1485674760201768966,0
1485674760201768966_1,No,,,,1485674760201768966,1
1485901252466819075_0,Yes,material,abiotic,forest_and_seminatural_areas,1485901252466819075,0
1485976750031257600_0,No,,,none,1485976750031257600,0
1486203242493194242_0,Yes,material,biotic,none,1486203242493194242,0
1486203242493194242_2,Yes,material,biotic,none,1486203242493194242,2
1486203242493194242_3,Yes,material,biotic,none,1486203242493194242,3
1486429734699364352_0,No,,,,1486429734699364352,0
1487411202066358277_1,Yes,material,biotic,artificial_surfaces,1487411202066358277,1
1487939684105916418_1,Yes,immaterial,abiotic,artificial_surfaces,1487939684105916418,1
1487939684105916418_2,Yes,immaterial,abiotic,artificial_surfaces,1487939684105916418,2
1487939684105916418_3,Yes,immaterial,abiotic,artificial_surfaces,1487939684105916418,3
1488090679314026500_0,No,,,,1488090679314026500,0
1488317171537223681_0,Yes,immaterial,biotic,,1488317171537223681,0
1488392669114085376_0,No,,,,1488392669114085376,0
1488845654030155776_0,No,,,,1488845654030155776,0
1488845654030155776_1,No,,,,1488845654030155776,1
1488845654030155776_2,No,,,,1488845654030155776,2
1488845654030155776_3,No,,,,1488845654030155776,3
1489147643884363778_0,No,,,,1489147643884363778,0
1489525131235840003_0,No,,,,1489525131235840003,0
1489600628737421314_0,No,,,,1489600628737421314,0
1490053613535776775_0,No,,,,1490053613535776775,0
1490204608353882113_0,No,,,,1490204608353882113,0
1490355603360960512_0,Yes,immaterial,biotic,,1490355603360960512,0
1490733090666434561_0,No,,,,1490733090666434561,0
1490808588201308161_0,No,,,none,1490808588201308161,0
1490808588201308161_1,No,,,none,1490808588201308161,1
1490959583120134144_0,No,,,,1490959583120134144,0
1491110578097901569_0,No,,,,1491110578097901569,0
1491110578097901569_1,No,,,,1491110578097901569,1
1491488065453494280_0,No,,,,1491488065453494280,0
1491714557899075584_0,No,,,,1491714557899075584,0
1491941050117763072_0,Yes,material,biotic,artificial_surfaces,1491941050117763072,0
1491941050117763072_1,Yes,material,biotic,artificial_surfaces,1491941050117763072,1
1491941050117763072_2,Yes,material,biotic,artificial_surfaces,1491941050117763072,2
1493073512327618560_0,No,,,none,1493073512327618560,0
1493677492095356931_0,No,,,,1493677492095356931,0
1493828487144222722_0,Yes,immaterial,biotic,none,1493828487144222722,0
1493979482117574667_0,No,,,,1493979482117574667,0
1494205974424748033_0,Yes,material,abiotic,water_bodies,1494205974424748033,0
1494205974424748033_1,Yes,material,abiotic,water_bodies,1494205974424748033,1
1494356969469009931_0,No,,,,1494356969469009931,0
1494507964266336268_0,No,,,,1494507964266336268,0
1494507964266336268_1,No,,,,1494507964266336268,1
1494507964266336268_2,No,,,,1494507964266336268,2
1494658959185260551_0,No,,,,1494658959185260551,0
1494809954221441026_0,No,,,,1494809954221441026,0
1495791421479075841_0,Yes,material,abiotic,artificial_surfaces,1495791421479075841,0
1496017913605726211_0,No,,,,1496017913605726211,0
1496395401179860992_0,No,,,none,1496395401179860992,0
1496546396010430471_0,No,,,,1496546396010430471,0
1496697391143084033_0,No,,,,1496697391143084033,0
1496848385952739331_0,Yes,material,biotic,forest_and_seminatural_areas,1496848385952739331,0
1496999380892545071_0,No,,,,1496999380892545071,0
1497603360475607041_0,Yes,immaterial,biotic,artificial_surfaces,1497603360475607041,0
1497829852837294080_0,No,,,none,1497829852837294080,0
1498056345580417025_0,Yes,immaterial,biotic,none,1498056345580417025,0
1498207340524363779_0,No,,,none,1498207340524363779,0
1498207340524363779_1,No,,,none,1498207340524363779,1
1498962315072335876_0,No,,,none,1498962315072335876,0
1499113310116999173_0,No,,,,1499113310116999173,0
1499264305115578368_0,No,,,,1499264305115578368,0
1499415299938045952_0,No,,,,1499415299938045952,0
1499717289935278082_0,No,,,none,1499717289935278082,0
1499943782325833730_0,No,,,none,1499943782325833730,0
1500019279860846592_0,No,,,none,1500019279860846592,0
1500170274779635727_0,No,,,,1500170274779635727,0
1500547762168991751_0,No,,,,1500547762168991751,0
1500623259670396928_0,Yes,material,biotic,,1500623259670396928,0
1500925249407401992_0,No,,,,1500925249407401992,0
1501151741970358277_0,No,,,,1501151741970358277,0
1502133209093623808_0,Yes,immaterial,biotic,artificial_surfaces,1502133209093623808,0
1502661691318083586_0,Yes,material,abiotic,none,1502661691318083586,0
1502737188764762114_0,No,,,,1502737188764762114,0
1502888183763472390_0,Yes,immaterial,biotic,artificial_surfaces,1502888183763472390,0
1503341168536715268_0,Yes,immaterial,biotic,none,1503341168536715268,0
1503567660897943554_0,Yes,immaterial,biotic,none,1503567660897943554,0
1503643158302937097_0,No,,,,1503643158302937097,0
1503794153410469896_0,No,,,,1503794153410469896,0
1503945148375642116_0,Yes,material,biotic,none,1503945148375642116,0
1504549128151478275_0,Yes,immaterial,biotic,,1504549128151478275,0
1504700123133231117_0,No,,,,1504700123133231117,0
1504851118064644096_0,No,,,,1504851118064644096,0
1505153107994501120_0,Yes,material,biotic,artificial_surfaces,1505153107994501120,0
1505379600360255488_0,No,,,,1505379600360255488,0
1505757087556681731_0,No,,,,1505757087556681731,0
1505983579976839174_0,No,,,,1505983579976839174,0
1506436564930412546_0,No,,,,1506436564930412546,0
1506512062431825926_0,Yes,immaterial,biotic,none,1506512062431825926,0
1506889549804277760_0,Yes,material,biotic,artificial_surfaces,1506889549804277760,0
1507040544710610946_0,Yes,material,biotic,none,1507040544710610946,0
1507569027031318528_0,No,,,,1507569027031318528,0
1507569027031318528_1,No,,,,1507569027031318528,1
1507720022021476357_0,Yes,material,abiotic,water_bodies,1507720022021476357,0
1508927981514723331_0,No,,,,1508927981514723331,0
1509078976190423041_0,No,,,,1509078976190423041,0
1509305468832862215_0,No,,,,1509305468832862215,0
1509682956310253583_1,Yes,material,abiotic,,1509682956310253583,1
1509682956310253583_2,Yes,immaterial,biotic,,1509682956310253583,2
1509682956310253583_3,Yes,immaterial,biotic,,1509682956310253583,3
1509909448717910021_0,No,,,,1509909448717910021,0
1509909448717910021_1,No,,,,1509909448717910021,1
1509909448717910021_2,No,,,,1509909448717910021,2
1509909448717910021_3,No,,,,1509909448717910021,3
1509984946202771456_0,No,,,,1509984946202771456,0
1510286936044445701_0,No,,,,1510286936044445701,0
1510513428443533314_0,No,,,,1510513428443533314,0
1510588925894668294_0,No,,,,1510588925894668294,0
1510890915841572864_0,Yes,material,biotic,none,1510890915841572864,0
1511041910823165954_0,No,,,none,1511041910823165954,0
1511041910823165954_1,No,,,none,1511041910823165954,1
1511796885492842496_0,No,,,,1511796885492842496,0
1512098875422781446_0,No,,,,1512098875422781446,0
1512249870329204741_0,No,,,,1512249870329204741,0
1512400865197543426_0,Yes,immaterial,biotic,,1512400865197543426,0
1512702854972121088_0,No,,,none,1512702854972121088,0
1513004845082771462_0,Yes,material,biotic,artificial_surfaces,1513004845082771462,0
1513155839917723649_0,No,,,,1513155839917723649,0
1513684322179502082_0,No,,,,1513684322179502082,0
1513759819680960514_0,No,,,,1513759819680960514,0
1513986312189222913_0,Yes,material,biotic,artificial_surfaces,1513986312189222913,0
1514363799574401026_0,No,,,none,1514363799574401026,0
1514514794329657347_0,Yes,immaterial,abiotic,forest_and_seminatural_areas,1514514794329657347,0
1514665789441253379_0,No,,,,1514665789441253379,0
1514892281899233287_0,Yes,material,biotic,,1514892281899233287,0
1515043276650430466_0,No,,,,1515043276650430466,0
1515269769167269891_0,No,,,,1515269769167269891,0
1515269769167269891_1,No,,,,1515269769167269891,1
1515269769167269891_2,No,,,,1515269769167269891,2
1515722753923592197_0,No,,,none,1515722753923592197,0
1515722753923592197_1,No,,,none,1515722753923592197,1
1515722753923592197_2,No,,,none,1515722753923592197,2
1515722753923592197_3,No,,,none,1515722753923592197,3
1516326733837910022_0,No,,,,1516326733837910022,0
1516704221118222339_0,No,,,,1516704221118222339,0
1516779718695354376_0,Yes,immaterial,abiotic,none,1516779718695354376,0
1516930713534218244_0,No,,,,1516930713534218244,0
1517081708427939842_0,No,,,,1517081708427939842,0
1517232703443247104_0,Yes,material,biotic,none,1517232703443247104,0
1517685688216416256_0,Yes,material,biotic,none,1517685688216416256,0
1517987678129692674_0,Yes,material,abiotic,,1517987678129692674,0
1518440662907113473_0,Yes,immaterial,biotic,none,1518440662907113473,0
1518440662907113473_1,Yes,material,biotic,none,1518440662907113473,1
1518440662907113473_2,Yes,material,biotic,none,1518440662907113473,2
1518440662907113473_3,Yes,immaterial,biotic,none,1518440662907113473,3
1518742652908449795_0,Yes,immaterial,biotic,,1518742652908449795,0
1518893647915270145_0,Yes,material,biotic,,1518893647915270145,0
1519044642855170051_0,Yes,immaterial,biotic,none,1519044642855170051,0
1519422130152083457_0,Yes,immaterial,abiotic,,1519422130152083457,0
1519724119994085377_0,No,,,,1519724119994085377,0
1520026109827448832_0,No,,,none,1520026109827448832,0
1520101607412752385_0,No,,,none,1520101607412752385,0
1520630089490259968_0,No,,,,1520630089490259968,0
1520705587201425408_0,No,,,,1520705587201425408,0
1521309566843031552_0,No,,,,1521309566843031552,0
1521460561959170049_0,No,,,,1521460561959170049,0
1521762551746674688_0,Yes,immaterial,biotic,none,1521762551746674688,0
1522517526550401026_0,No,,,,1522517526550401026,0
1522819516455165953_0,No,,,,1522819516455165953,0
1523121506305605632_0,No,,,,1523121506305605632,0
1523272501219840001_0,No,,,none,1523272501219840001,0
1523649988617768962_0,No,,,,1523649988617768962,0
1523800983566184448_0,No,,,,1523800983566184448,0
1523876480941723648_0,No,,,,1523876480941723648,0
1523876480941723648_1,No,,,,1523876480941723648,1
1524102973483364352_0,No,,,,1524102973483364352,0
1524480460780457985_0,Yes,immaterial,biotic,,1524480460780457985,0
1524782450601336833_0,Yes,immaterial,abiotic,none,1524782450601336833,0
1525084440594042881_0,No,,,,1525084440594042881,0
1525386430075195393_0,No,,,,1525386430075195393,0
1525537425417568256_0,Yes,immaterial,biotic,forest_and_seminatural_areas,1525537425417568256,0
1525839415171588101_0,Yes,material,biotic,artificial_surfaces,1525839415171588101,0
1526216902678290432_1,Yes,material,abiotic,water_bodies,1526216902678290432,1
1526443395035856896_0,Yes,material,biotic,,1526443395035856896,0
1526594389996609536_0,Yes,immaterial,biotic,none,1526594389996609536,0
1526745384957378560_0,Yes,material,biotic,,1526745384957378560,0
1527575857115578368_0,No,,,,1527575857115578368,0
1527802349389074432_0,No,,,,1527802349389074432,0
1527953344534401024_0,Yes,material,biotic,forest_and_seminatural_areas,1527953344534401024,0
1528330831819046913_0,Yes,material,biotic,forest_and_seminatural_areas,1528330831819046913,0
1528330831819046913_1,Yes,material,biotic,forest_and_seminatural_areas,1528330831819046913,1
1528481826720780288_0,No,,,,1528481826720780288,0
1528708319128571906_0,No,,,,1528708319128571906,0
1529010308844756998_0,Yes,immaterial,biotic,,1529010308844756998,0
1529236801537327105_0,Yes,material,biotic,none,1529236801537327105,0
1529463293915672577_0,No,,,,1529463293915672577,0
1529916278760165382_0,No,,,,1529916278760165382,0
1529916278760165382_1,No,,,,1529916278760165382,1
1529916278760165382_2,No,,,,1529916278760165382,2
1529916278760165382_3,No,,,,1529916278760165382,3
1530067273741766656_0,Yes,immaterial,abiotic,none,1530067273741766656,0
1530218268706979843_0,No,,,,1530218268706979843,0
1530520258385256449_0,No,,,,1530520258385256449,0
1530746750948069377_0,Yes,material,biotic,water_bodies,1530746750948069377,0
1530822248445235200_0,No,,,,1530822248445235200,0
1531048740777238531_0,No,,,none,1531048740777238531,0
1531275233218502657_0,No,,,none,1531275233218502657,0
1531652720674734080_0,No,,,,1531652720674734080,0
1531728218151079940_0,No,,,,1531728218151079940,0
1532483192862789638_0,No,,,none,1532483192862789638,0
1532634187731197952_0,Yes,material,abiotic,,1532634187731197952,0
1533540157407764483_0,Yes,immaterial,biotic,artificial_surfaces,1533540157407764483,0
1533691152351625217_0,No,,,,1533691152351625217,0
1533993142168563712_0,No,,,,1533993142168563712,0
1534370629474041856_0,No,,,,1534370629474041856,0
1534370629474041856_1,No,,,,1534370629474041856,1
1534521624602738688_0,Yes,immaterial,biotic,none,1534521624602738688,0
1534672619269521408_0,No,,,,1534672619269521408,0
1534899111970889728_0,Yes,material,biotic,none,1534899111970889728,0
1535050106872922117_0,Yes,immaterial,biotic,none,1535050106872922117,0
1535654086648946688_0,Yes,immaterial,biotic,none,1535654086648946688,0
1535880579014569984_0,Yes,immaterial,biotic,,1535880579014569984,0
1535956076335620098_0,Yes,material,biotic,agricultural_areas,1535956076335620098,0
1536484558501253120_0,No,,,,1536484558501253120,0
1536862046112780288_0,No,,,,1536862046112780288,0
1537013041166000131_0,No,,,,1537013041166000131,0
1537013041166000131_1,No,,,,1537013041166000131,1
1537013041166000131_2,No,,,,1537013041166000131,2
1537315030999240704_0,No,,,,1537315030999240704,0
1537541523444846594_0,Yes,material,biotic,artificial_surfaces,1537541523444846594,0
1537768015785238528_0,Yes,immaterial,biotic,,1537768015785238528,0
1537768015785238528_1,Yes,immaterial,biotic,,1537768015785238528,1
1537919010792017923_0,No,,,,1537919010792017923,0
1538221000604561409_0,No,,,,1538221000604561409,0
1538673985478696960_0,No,,,,1538673985478696960,0
1538824980506370049_0,No,,,,1538824980506370049,0
1538975975412838401_0,No,,,,1538975975412838401,0
1539126970121846784_0,No,,,,1539126970121846784,0
1539277965355278336_0,No,,,,1539277965355278336,0
1539806447478853632_0,No,,,,1539806447478853632,0
1540334929958936576_0,Yes,immaterial,biotic,,1540334929958936576,0
1540485924693299202_0,Yes,material,biotic,forest_and_seminatural_areas,1540485924693299202,0
1540636919771660290_0,No,,,,1540636919771660290,0
1541014406917754880_0,No,,,,1541014406917754880,0
1541240899593801729_0,No,,,,1541240899593801729,0
1541542889502769153_0,No,,,,1541542889502769153,0
1541693884316745730_0,No,,,,1541693884316745730,0
1541844879248179205_0,Yes,immaterial,biotic,none,1541844879248179205,0
1542071371802574853_0,No,,,,1542071371802574853,0
1542448858961252354_0,No,,,,1542448858961252354,0
1542599854056017920_0,No,,,,1542599854056017920,0
1542826346472259586_2,Yes,immaterial,biotic,,1542826346472259586,2
1542826346472259586_3,Yes,immaterial,biotic,,1542826346472259586,3
1542901844006998016_0,No,,,,1542901844006998016,0
1543505823426416640_0,No,,,,1543505823426416640,0
1543656818651668481_0,Yes,immaterial,biotic,forest_and_seminatural_areas,1543656818651668481,0
1544109803508989953_0,Yes,material,biotic,artificial_surfaces,1544109803508989953,0
1544109803508989953_1,Yes,material,biotic,artificial_surfaces,1544109803508989953,1
1544562788299083776_0,Yes,immaterial,biotic,,1544562788299083776,0
1545166767965732866_0,Yes,material,biotic,artificial_surfaces,1545166767965732866,0
1545468758059278339_0,No,,,,1545468758059278339,0
1545619752772866048_0,No,,,,1545619752772866048,0
1545619752772866048_1,No,,,,1545619752772866048,1
1545619752772866048_2,No,,,,1545619752772866048,2
1545770747859464192_0,No,,,,1545770747859464192,0
1546148235147939841_0,No,,,,1546148235147939841,0
1546299229953732608_0,No,,,,1546299229953732608,0
1546299229953732608_1,No,,,,1546299229953732608,1
1546978707260129280_0,Yes,material,biotic,artificial_surfaces,1546978707260129280,0
1547129701998673936_0,Yes,material,biotic,none,1547129701998673936,0
1547280697223675906_0,No,,,none,1547280697223675906,0
1547733682034618369_0,No,,,,1547733682034618369,0
1547884677028950016_0,No,,,,1547884677028950016,0
1548035672044212224_1,Yes,immaterial,biotic,,1548035672044212224,1
1548337661857124352_0,No,,,,1548337661857124352,0
1548564154298122242_0,No,,,,1548564154298122242,0
1548639651845513218_0,Yes,immaterial,biotic,,1548639651845513218,0
1548639651845513218_1,Yes,immaterial,biotic,,1548639651845513218,1
1548639651845513218_2,Yes,immaterial,biotic,,1548639651845513218,2
1548639651845513218_3,Yes,immaterial,biotic,,1548639651845513218,3
1548790646806282241_0,Yes,material,biotic,agricultural_areas,1548790646806282241,0
1548941641523679232_0,Yes,material,biotic,artificial_surfaces,1548941641523679232,0
1549168134053150720_0,No,,,,1549168134053150720,0
1549394626544807936_0,No,,,,1549394626544807936,0
1549696616394891264_0,No,,,,1549696616394891264,0
1549847611401805832_0,No,,,,1549847611401805832,0
1549998606282903553_0,Yes,immaterial,biotic,none,1549998606282903553,0
1550149601273028608_0,No,,,,1550149601273028608,0
1550829078382628864_0,No,,,,1550829078382628864,0
1550904575896391680_0,No,,,,1550904575896391680,0
1550904575896391680_1,No,,,,1550904575896391680,1
1551055570882396164_0,No,,,,1551055570882396164,0
1551357560623710210_0,No,,,,1551357560623710210,0
1551659550570340353_0,No,,,,1551659550570340353,0
1551961540647165953_0,No,,,,1551961540647165953,0
1552339027998670858_0,Yes,immaterial,abiotic,none,1552339027998670858,0
1552565520242974720_0,No,,,none,1552565520242974720,0
1552792012612481024_0,No,,,,1552792012612481024,0
1552943007560876033_0,No,,,,1552943007560876033,0
1552943007560876033_1,No,,,,1552943007560876033,1
1553018505225768971_0,No,,,,1553018505225768971,0
1553169500127862786_0,No,,,,1553169500127862786,0
1553320495105425408_1,Yes,immaterial,biotic,,1553320495105425408,1
1553471489923489794_0,Yes,immaterial,biotic,,1553471489923489794,0
1553471489923489794_1,Yes,immaterial,biotic,,1553471489923489794,1
1553471489923489794_2,Yes,immaterial,biotic,,1553471489923489794,2
1553471489923489794_3,Yes,immaterial,biotic,,1553471489923489794,3
1554075469800247304_0,No,,,,1554075469800247304,0
1554301962199638017_0,Yes,immaterial,biotic,none,1554301962199638017,0
1554679449626583042_0,Yes,material,biotic,,1554679449626583042,0
1554830444528803841_0,No,,,,1554830444528803841,0
1554981439438987265_0,No,,,none,1554981439438987265,0
1555207931909529600_0,No,,,,1555207931909529600,0
1555660916753965056_0,No,,,,1555660916753965056,0
1555811911392006144_0,Yes,immaterial,abiotic,none,1555811911392006144,0
1556038404089212928_0,Yes,immaterial,biotic,,1556038404089212928,0
1556264896555548672_0,Yes,immaterial,abiotic,,1556264896555548672,0
1556642383915323393_0,No,,,,1556642383915323393,0
1557170866152214530_0,No,,,,1557170866152214530,0
1557170866152214530_1,No,,,,1557170866152214530,1
1557170866152214530_2,No,,,,1557170866152214530,2
1557170866152214530_3,No,,,,1557170866152214530,3
1557472856090501126_0,Yes,material,abiotic,water_bodies,1557472856090501126,0
1557850343249268744_0,No,,,,1557850343249268744,0
1558001338289717250_0,No,,,,1558001338289717250,0
1558152333317521408_0,Yes,material,biotic,artificial_surfaces,1558152333317521408,0
1558303328169336832_0,No,,,,1558303328169336832,0
1558907308071059456_0,Yes,material,biotic,artificial_surfaces,1558907308071059456,0
1559058302931197952_0,Yes,immaterial,biotic,none,1559058302931197952,0
1559435790362595328_0,No,,,,1559435790362595328,0
1559511287813607430_0,No,,,,1559511287813607430,0
1559813277667827712_0,No,,,,1559813277667827712,0
1559964272582590465_0,No,,,,1559964272582590465,0
1559964272582590465_1,No,,,,1559964272582590465,1
1559964272582590465_2,No,,,,1559964272582590465,2
1559964272582590465_3,No,,,,1559964272582590465,3
1560190764696600577_0,No,,,,1560190764696600577,0
1560568252425572353_0,Yes,material,biotic,artificial_surfaces,1560568252425572353,0
1561172232222953473_0,Yes,immaterial,abiotic,none,1561172232222953473,0
1561323226961219584_0,Yes,material,abiotic,none,1561323226961219584,0
1561700714438696960_0,No,,,,1561700714438696960,0
1561927206766579713_0,Yes,material,biotic,none,1561927206766579713,0
1562078201693749248_0,No,,,none,1562078201693749248,0
1562455689246543872_0,No,,,none,1562455689246543872,0
1562455689246543872_1,No,,,none,1562455689246543872,1
1562833176611127297_0,No,,,,1562833176611127297,0
1562833176611127297_1,No,,,,1562833176611127297,1
1562833176611127297_2,No,,,,1562833176611127297,2
1563135166377500676_0,No,,,,1563135166377500676,0
1563286161183117318_0,No,,,,1563286161183117318,0
1563588151284998144_0,No,,,,1563588151284998144,0
1563890141151764480_0,Yes,immaterial,biotic,,1563890141151764480,0
1564192131002023936_2,Yes,material,abiotic,water_bodies,1564192131002023936,2
1564796110748663811_0,Yes,material,biotic,none,1564796110748663811,0
1565098100728836096_0,No,,,,1565098100728836096,0
1565702080517623810_0,No,,,none,1565702080517623810,0
1565853075453132801_0,Yes,immaterial,biotic,none,1565853075453132801,0
1566079567818887170_0,Yes,material,biotic,none,1566079567818887170,0
1566457055107481601_0,No,,,,1566457055107481601,0
1567514019778412545_0,Yes,material,abiotic,water_bodies,1567514019778412545,0
1567816009721192450_0,No,,,,1567816009721192450,0
1567816009721192450_1,No,,,,1567816009721192450,1
1568117999479017472_0,No,,,,1568117999479017472,0
1568117999479017472_1,No,,,,1568117999479017472,1
1568268994582290432_0,No,,,,1568268994582290432,0
1568872974241136640_0,No,,,,1568872974241136640,0
1569325959186157569_0,No,,,,1569325959186157569,0
1569778943779307520_0,No,,,none,1569778943779307520,0
1569778943779307520_1,No,,,none,1569778943779307520,1
1569778943779307520_2,No,,,none,1569778943779307520,2
1569778943779307520_3,No,,,none,1569778943779307520,3
1570080933864169475_0,No,,,none,1570080933864169475,0
1570231928867164165_0,No,,,,1570231928867164165,0
1570533918637699073_0,No,,,,1570533918637699073,0
1571137898480640000_0,No,,,,1571137898480640000,0
1571364390733225986_0,Yes,material,biotic,,1571364390733225986,0
1571666380789002242_0,No,,,,1571666380789002242,0
1571666380789002242_1,No,,,,1571666380789002242,1
1571666380789002242_2,No,,,,1571666380789002242,2
1571666380789002242_3,No,,,,1571666380789002242,3
1571741878256824320_0,Yes,immaterial,biotic,,1571741878256824320,0
1571892873238581248_1,Yes,immaterial,biotic,none,1571892873238581248,1
1572496852985196546_0,No,,,,1572496852985196546,0
1572798842722226178_0,No,,,,1572798842722226178,0
1573704812503662592_0,Yes,immaterial,biotic,,1573704812503662592,0
1573931304806031360_0,No,,,,1573931304806031360,0
1574308792312819712_0,No,,,,1574308792312819712,0
1574308792312819712_1,No,,,,1574308792312819712,1
1574610782121525248_0,No,,,,1574610782121525248,0
1574837274663174144_0,No,,,,1574837274663174144,0
1574912772063694848_0,No,,,,1574912772063694848,0
1574912772063694848_1,No,,,,1574912772063694848,1
1575139264546881551_0,No,,,,1575139264546881551,0
1575667746691424256_0,No,,,,1575667746691424256,0
1575818741786767360_0,Yes,material,biotic,artificial_surfaces,1575818741786767360,0
1576120731532144640_0,No,,,,1576120731532144640,0
1576271726560038912_0,No,,,,1576271726560038912,0
1576422721541455872_0,No,,,,1576422721541455872,0
1577026701044817920_0,No,,,none,1577026701044817920,0
1577026701044817920_1,No,,,none,1577026701044817920,1
1577404188568743937_0,Yes,immaterial,abiotic,none,1577404188568743937,0
1577479685893607425_0,No,,,,1577479685893607425,0
1577932670155251715_0,Yes,material,biotic,none,1577932670155251715,0
1578083665787367424_0,Yes,material,biotic,artificial_surfaces,1578083665787367424,0
1578083665787367424_1,Yes,material,biotic,artificial_surfaces,1578083665787367424,1
1578234660810739713_0,Yes,immaterial,abiotic,none,1578234660810739713,0
1578385655838773248_0,Yes,material,biotic,none,1578385655838773248,0
1578536650736795648_0,No,,,,1578536650736795648,0
1578763143110877184_0,Yes,immaterial,biotic,none,1578763143110877184,0
1578989635065511937_0,No,,,,1578989635065511937,0
1579367122899460096_0,Yes,material,abiotic,none,1579367122899460096,0
1579442620417576961_0,No,,,,1579442620417576961,0
1580046600063393792_0,Yes,material,biotic,forest_and_seminatural_areas,1580046600063393792,0
1580197595133415427_0,No,,,,1580197595133415427,0
1580952569689432065_0,No,,,,1580952569689432065,0
1581103564696346625_0,No,,,,1581103564696346625,0
1581254559628165120_0,Yes,material,biotic,artificial_surfaces,1581254559628165120,0
1581707544577585157_0,Yes,material,biotic,artificial_surfaces,1581707544577585157,0
1582009534457208833_0,No,,,,1582009534457208833,0
1582538016769265665_0,Yes,immaterial,biotic,none,1582538016769265665,0
1583292991531151362_0,No,,,,1583292991531151362,0
1583368488940601344_0,No,,,,1583368488940601344,0
1583368488940601344_1,No,,,,1583368488940601344,1
1583368488940601344_2,No,,,,1583368488940601344,2
1584123463609958400_0,Yes,material,biotic,none,1584123463609958400,0
1584274458646261760_0,No,,,,1584274458646261760,0
1585180428289576960_0,No,,,,1585180428289576960,0
1585406920705609739_0,No,,,,1585406920705609739,0
1585859905369636869_0,Yes,immaterial,biotic,,1585859905369636869,0
1586312890331680773_0,No,,,,1586312890331680773,0
1586690377729429507_0,No,,,,1586690377729429507,0
1587294357379391488_0,Yes,material,abiotic,artificial_surfaces,1587294357379391488,0
1587445352394891264_0,No,,,,1587445352394891264,0
1587898337230979077_0,No,,,,1587898337230979077,0
1588049331759742977_0,Yes,immaterial,biotic,,1588049331759742977,0
1588426819551862785_0,Yes,material,biotic,forest_and_seminatural_areas,1588426819551862785,0
1589408286654500864_0,No,,,,1589408286654500864,0
1589861271423549441_0,No,,,,1589861271423549441,0
1590012266459856896_0,Yes,material,biotic,forest_and_seminatural_areas,1590012266459856896,0
1590238758938767360_0,No,,,,1590238758938767360,0
1590314256368807936_0,No,,,,1590314256368807936,0
1590918236119633921_0,No,,,,1590918236119633921,0
1591069231088640005_0,Yes,material,biotic,artificial_surfaces,1591069231088640005,0
1591748708269711364_0,Yes,material,biotic,artificial_surfaces,1591748708269711364,0
1591748708269711364_1,Yes,material,biotic,artificial_surfaces,1591748708269711364,1
1592126195625529345_0,No,,,,1592126195625529345,0
1592428185597116416_0,Yes,immaterial,biotic,none,1592428185597116416,0
1592881170353573889_2,Yes,material,biotic,artificial_surfaces,1592881170353573889,2
1593107662857973760_0,No,,,,1593107662857973760,0
1593183160317026305_0,No,,,,1593183160317026305,0
1593862637334728704_0,Yes,immaterial,abiotic,other,1593862637334728704,0
1594391119713951747_0,No,,,,1594391119713951747,0
1594995099502579712_0,No,,,none,1594995099502579712,0
1595297089558220801_0,No,,,none,1595297089558220801,0
1595448084347191303_0,No,,,,1595448084347191303,0
1595448084347191303_1,No,,,,1595448084347191303,1
1595448084347191303_2,No,,,,1595448084347191303,2
1595448084347191303_3,No,,,,1595448084347191303,3
1595599079312351234_0,No,,,,1595599079312351234,0
1595976566819151872_0,No,,,,1595976566819151872,0
1596203059176439809_0,Yes,immaterial,biotic,artificial_surfaces,1596203059176439809,0
1596203059176439809_1,Yes,immaterial,biotic,artificial_surfaces,1596203059176439809,1
1596807038730121216_0,No,,,,1596807038730121216,0
1597260023650222080_0,Yes,immaterial,biotic,,1597260023650222080,0
1597486516179439617_0,Yes,material,biotic,none,1597486516179439617,0
1597939500956938240_0,Yes,material,biotic,none,1597939500956938240,0
1597939500956938240_1,Yes,material,biotic,none,1597939500956938240,1
1597939500956938240_2,Yes,material,biotic,none,1597939500956938240,2
1598014998495653888_0,No,,,,1598014998495653888,0
1598467983185424384_0,Yes,material,abiotic,none,1598467983185424384,0
1598618978217529344_0,No,,,none,1598618978217529344,0
1599751440343654401_0,No,,,,1599751440343654401,0
1599751440343654401_1,No,,,,1599751440343654401,1
1599826937760731137_0,No,,,,1599826937760731137,0
1600355420060626945_0,No,,,,1600355420060626945,0
1600430917280858113_0,No,,,,1600430917280858113,0
1601034897334099968_0,No,,,,1601034897334099968,0
1601034897334099968_1,No,,,,1601034897334099968,1
1601185892361641985_0,Yes,material,biotic,agricultural_areas,1601185892361641985,0
1601185892361641985_2,Yes,material,biotic,,1601185892361641985,2
1601412384811151361_0,No,,,,1601412384811151361,0
1602091861820297217_0,Yes,immaterial,biotic,,1602091861820297217,0
1602393851796259084_0,No,,,,1602393851796259084,0
1602620344170430466_0,No,,,,1602620344170430466,0
1602695841814290434_0,Yes,immaterial,biotic,,1602695841814290434,0
1603375319045611521_0,No,,,,1603375319045611521,0
1603375319045611521_1,No,,,,1603375319045611521,1
1603601811260157953_0,No,,,,1603601811260157953,0
1604205791103406080_0,No,,,,1604205791103406080,0
1604507781058375684_0,Yes,material,biotic,none,1604507781058375684,0
1604507781058375684_1,Yes,material,biotic,none,1604507781058375684,1
1604507781058375684_2,Yes,material,biotic,none,1604507781058375684,2
1604507781058375684_3,Yes,material,biotic,none,1604507781058375684,3
1605111760633020416_0,No,,,,1605111760633020416,0
1605338253082910720_0,No,,,,1605338253082910720,0
1605564745767157761_0,No,,,,1605564745767157761,0
1605866735453605888_0,No,,,,1605866735453605888,0
1606017730586546202_0,Yes,material,biotic,none,1606017730586546202,0
1606244222897573888_0,Yes,material,biotic,none,1606244222897573888,0
1606470715297136640_0,Yes,material,abiotic,,1606470715297136640,0
1606470715297136640_1,Yes,material,abiotic,,1606470715297136640,1
1606470715297136640_2,Yes,material,abiotic,,1606470715297136640,2
1606470715297136640_3,Yes,material,abiotic,,1606470715297136640,3
1606923700108152834_0,No,,,,1606923700108152834,0
1607376684944179201_0,No,,,,1607376684944179201,0
1607603177439875072_0,No,,,,1607603177439875072,0
1607754172396347392_0,No,,,,1607754172396347392,0
1607754172396347392_1,No,,,,1607754172396347392,1
1607754172396347392_2,No,,,,1607754172396347392,2
1607754172396347392_3,No,,,,1607754172396347392,3
1607980664795848704_0,No,,,,1607980664795848704,0
1608131659777605633_0,No,,,,1608131659777605633,0
1608584644571848704_0,Yes,immaterial,biotic,forest_and_seminatural_areas,1608584644571848704,0
1608584644571848704_1,Yes,immaterial,biotic,forest_and_seminatural_areas,1608584644571848704,1
1608584644571848704_2,Yes,immaterial,biotic,forest_and_seminatural_areas,1608584644571848704,2
1608584644571848704_3,Yes,immaterial,biotic,forest_and_seminatural_areas,1608584644571848704,3
1608735639557791744_0,No,,,,1608735639557791744,0
1609037629194108933_0,No,,,,1609037629194108933,0
1609188624318304259_0,No,,,,1609188624318304259,0
1609808710272188418_0,No,,,,1609808710272188418,0
1609944605759356931_0,Yes,immaterial,biotic,,1609944605759356931,0
1610246595387469825_0,No,,,,1610246595387469825,0
1610397590587166721_0,Yes,immaterial,abiotic,artificial_surfaces,1610397590587166721,0
1610699580366102529_0,Yes,immaterial,biotic,none,1610699580366102529,0
1611152565273493504_0,No,,,,1611152565273493504,0
1611303559894532096_0,Yes,immaterial,abiotic,,1611303559894532096,0
1611454555174084621_0,No,,,,1611454555174084621,0
1611620649566625793_0,No,,,,1611620649566625793,0
1611907540031524866_0,No,,,none,1611907540031524866,0
1612073634356695040_0,No,,,,1612073634356695040,0
1612209529919242245_0,No,,,none,1612209529919242245,0
1612541718804549637_0,Yes,immaterial,biotic,artificial_surfaces,1612541718804549637,0
1612964504567939074_0,Yes,material,biotic,artificial_surfaces,1612964504567939074,0
1613115499285733381_0,No,,,,1613115499285733381,0
1613568484432044037_0,Yes,immaterial,biotic,none,1613568484432044037,0
1613870474206797826_0,Yes,material,abiotic,artificial_surfaces,1613870474206797826,0
1613870474206797826_1,Yes,material,abiotic,artificial_surfaces,1613870474206797826,1
1614036568624209920_0,No,,,,1614036568624209920,0
1614172464073920512_1,Yes,immaterial,biotic,,1614172464073920512,1
1614172464073920512_2,Yes,immaterial,biotic,,1614172464073920512,2
1614172464073920512_3,Yes,immaterial,biotic,,1614172464073920512,3
1614323459059847169_0,No,,,,1614323459059847169,0
1614489553531805696_0,Yes,material,biotic,none,1614489553531805696,0
1614927438764457984_0,No,,,none,1614927438764457984,0
1615093533358329857_0,No,,,,1615093533358329857,0
1615380423659642880_0,Yes,immaterial,biotic,,1615380423659642880,0
1615833408495620097_2,Yes,material,biotic,none,1615833408495620097,2
1616452487808192514_0,No,,,,1616452487808192514,0
1616588383173869569_0,Yes,immaterial,biotic,forest_and_seminatural_areas,1616588383173869569,0
1616754477733928963_1,Yes,material,abiotic,water_bodies,1616754477733928963,1
1616890373170941953_0,No,,,,1616890373170941953,0
1617056467621650437_0,No,,,,1617056467621650437,0
1617192363037806594_0,No,,,,1617192363037806594,0
1617343357788758017_0,No,,,,1617343357788758017,0
1617494352808353792_0,No,,,none,1617494352808353792,0
1617947337812504576_0,No,,,,1617947337812504576,0
1618400322640306176_0,No,,,,1618400322640306176,0
1618551317399764994_0,No,,,,1618551317399764994,0
1618716405284896770_0,No,,,none,1618716405284896770,0
1618868406945726470_0,Yes,material,biotic,artificial_surfaces,1618868406945726470,0
1619004302403706880_0,No,,,,1619004302403706880,0
1619170396544339970_0,Yes,immaterial,biotic,none,1619170396544339970,0
1619306292069421062_0,No,,,,1619306292069421062,0
1619457287156023296_0,Yes,immaterial,biotic,,1619457287156023296,0
1619759277094371328_0,Yes,material,biotic,none,1619759277094371328,0
1620212261771169793_0,No,,,,1620212261771169793,0
1620363256765509632_1,Yes,material,abiotic,none,1620363256765509632,1
1620514251772428289_0,No,,,,1620514251772428289,0
1620514251772428289_1,No,,,,1620514251772428289,1
1620665246586404866_0,Yes,material,biotic,none,1620665246586404866,0
1620665246586404866_1,Yes,material,biotic,,1620665246586404866,1
1620665246586404866_2,Yes,material,biotic,,1620665246586404866,2
1620665246586404866_3,Yes,material,biotic,,1620665246586404866,3
1620967236528930817_0,No,,,,1620967236528930817,0
1621148430486888449_0,No,,,,1621148430486888449,0
1621269226505011200_0,No,,,,1621269226505011200,0
1621420221364838402_1,Yes,immaterial,biotic,none,1621420221364838402,1
1621571216459939841_0,No,,,,1621571216459939841,0
1621571216459939841_1,No,,,,1621571216459939841,1
1621873206234677248_0,No,,,,1621873206234677248,0
1622628181059555329_0,Yes,immaterial,biotic,none,1622628181059555329,0
1622779175747612672_0,No,,,,1622779175747612672,0
1622779175747612672_1,No,,,,1622779175747612672,1
1622930170859462657_0,No,,,,1622930170859462657,0
1623685145604620288_0,No,,,,1623685145604620288,0
1623685145604620288_1,No,,,,1623685145604620288,1
1623685145604620288_2,No,,,,1623685145604620288,2
1623987135467642881_0,No,,,none,1623987135467642881,0
1624289125397323776_0,No,,,,1624289125397323776,0
1624440120396095490_0,No,,,,1624440120396095490,0
1624742110212591616_0,No,,,,1624742110212591616,0
1624893105102094338_0,No,,,,1624893105102094338,0
1625044100117413888_0,No,,,,1625044100117413888,0
1625648079738224643_0,No,,,,1625648079738224643,0
1625799074795474946_0,No,,,,1625799074795474946,0
1625950069815119872_0,Yes,material,biotic,none,1625950069815119872,0
1626448353008697345_0,Yes,immaterial,biotic,none,1626448353008697345,0
1626705044543516673_0,No,,,,1626705044543516673,0
1627173128651816960_0,No,,,,1627173128651816960,0
1627324123822039041_0,No,,,,1627324123822039041,0
1627324123822039041_1,No,,,,1627324123822039041,1
1627762009000255488_0,Yes,immaterial,biotic,none,1627762009000255488,0
1635009766358663168_0,Yes,immaterial,abiotic,forest_and_seminatural_areas,1635009766358663168,0
1636066730991812608_0,No,,,,1636066730991812608,0
1636217725881049089_0,No,,,,1636217725881049089,0
1636670710708948995_0,No,,,,1636670710708948995,0
1636987800078675968_0,No,,,,1636987800078675968,0
1637727675447128064_0,No,,,,1637727675447128064,0
1638180660241387522_0,No,,,,1638180660241387522,0
1638497749640306688_0,No,,,,1638497749640306688,0
1638784639966781440_0,No,,,,1638784639966781440,0
1639388619826769922_0,No,,,,1639388619826769922,0
1639539614686797826_0,No,,,,1639539614686797826,0
1639539614686797826_1,No,,,,1639539614686797826,1
1639539614686797826_2,No,,,,1639539614686797826,2
1639539614686797826_3,No,,,,1639539614686797826,3
1639690609353977858_0,Yes,immaterial,biotic,forest_and_seminatural_areas,1639690609353977858,0
1639690609353977858_1,Yes,immaterial,biotic,forest_and_seminatural_areas,1639690609353977858,1
1639841604554067968_0,Yes,material,abiotic,,1639841604554067968,0
1639992599632048133_0,No,,,,1639992599632048133,0
1640143594471211008_0,No,,,,1640143594471211008,0
1640143594471211008_1,No,,,,1640143594471211008,1
1640445584145260552_0,No,,,,1640445584145260552,0
1640747574209413125_0,No,,,,1640747574209413125,0
1640898569279242240_0,Yes,immaterial,biotic,forest_and_seminatural_areas,1640898569279242240,0
1641049564168765442_0,Yes,material,biotic,,1641049564168765442,0
1641366653249232896_0,No,,,none,1641366653249232896,0
1641366653249232896_1,No,,,none,1641366653249232896,1
1641366653249232896_2,No,,,none,1641366653249232896,2
1641502549063655424_0,Yes,material,abiotic,none,1641502549063655424,0
1641653544012107776_0,No,,,,1641653544012107776,0
1641804538809311232_1,Yes,material,biotic,none,1641804538809311232,1
1642438717712351233_0,No,,,,1642438717712351233,0
1642710508536037378_0,No,,,none,1642710508536037378,0
1642861503547346944_0,No,,,,1642861503547346944,0
1642861503547346944_1,No,,,,1642861503547346944,1
1642861503547346944_2,No,,,,1642861503547346944,2
1643012498168094721_0,Yes,immaterial,biotic,none,1643012498168094721,0
1643178592476561411_0,Yes,immaterial,biotic,none,1643178592476561411,0
1643314488353992706_0,Yes,material,biotic,,1643314488353992706,0
1643314488353992706_1,Yes,material,biotic,,1643314488353992706,1
1643314488353992706_2,Yes,material,biotic,,1643314488353992706,2
1643782572697346050_0,No,,,,1643782572697346050,0
1644069463053029390_0,No,,,,1644069463053029390,0
1644069463053029390_1,No,,,,1644069463053029390,1
1644220458039128064_0,Yes,material,biotic,forest_and_seminatural_areas,1644220458039128064,0
1644386552301387776_0,Yes,material,biotic,,1644386552301387776,0
1644522447616774149_0,No,,,none,1644522447616774149,0
1644824437810778114_0,No,,,,1644824437810778114,0
1644975432511389696_0,No,,,,1644975432511389696,0
1645277422563258368_0,Yes,immaterial,biotic,,1645277422563258368,0
1645730407063904258_0,Yes,immaterial,biotic,none,1645730407063904258,0
1645730407063904258_1,Yes,immaterial,biotic,none,1645730407063904258,1
1645730407063904258_2,Yes,immaterial,biotic,none,1645730407063904258,2
1645730407063904258_3,Yes,immaterial,biotic,none,1645730407063904258,3
1645896501846212609_0,Yes,immaterial,biotic,,1645896501846212609,0
1646032397132263424_0,No,,,,1646032397132263424,0
1646349486623453186_0,Yes,immaterial,biotic,none,1646349486623453186,0
1646485382102650880_0,No,,,,1646485382102650880,0
1646636376819916800_0,No,,,,1646636376819916800,0
1647089361895260160_0,No,,,none,1647089361895260160,0
1647240356948328450_0,No,,,,1647240356948328450,0
1647421550520602624_0,No,,,,1647421550520602624,0
1647421550520602624_1,No,,,,1647421550520602624,1
1647421550520602624_2,No,,,,1647421550520602624,2
1647692335147360257_0,No,,,,1647692335147360257,0
1647864972695748609_0,No,,,,1647864972695748609,0
1647864972695748609_1,No,,,,1647864972695748609,1
1647864972695748609_2,No,,,,1647864972695748609,2
1647864972695748609_3,No,,,,1647864972695748609,3
1648008417896718337_0,No,,,none,1648008417896718337,0
1648914387321917440_0,Yes,immaterial,biotic,artificial_surfaces,1648914387321917440,0
1649518367265505281_0,No,,,,1649518367265505281,0
1649699561043107841_0,Yes,material,biotic,none,1649699561043107841,0
1649986451625373699_0,No,,,none,1649986451625373699,0
1650152546076377088_0,No,,,,1650152546076377088,0
1650273341960499201_0,No,,,,1650273341960499201,0
1650273341960499201_1,No,,,,1650273341960499201,1
1650273341960499201_2,No,,,,1650273341960499201,2
1650454535951843332_0,No,,,,1650454535951843332,0
1650771625325805570_0,Yes,material,biotic,artificial_surfaces,1650771625325805570,0
1650771625325805570_1,Yes,immaterial,biotic,forest_and_seminatural_areas,1650771625325805570,1
1651345406062624769_0,No,,,,1651345406062624769,0
1651632296498274325_0,No,,,,1651632296498274325,0
1651843689319133184_0,No,,,,1651843689319133184,0
1651934286184939521_0,Yes,immaterial,biotic,none,1651934286184939521,0
1652236276148445185_0,No,,,,1652236276148445185,0
1652387271184728065_0,No,,,,1652387271184728065,0
1652689261139722242_0,No,,,,1652689261139722242,0
1652840256041893889_0,Yes,immaterial,biotic,none,1652840256041893889,0
1652977158124449793_1,Yes,material,biotic,forest_and_seminatural_areas,1652977158124449793,1
1653279147744198657_0,No,,,,1653279147744198657,0
1653430142855725058_0,No,,,,1653430142855725058,0
1653747232300998659_0,Yes,material,biotic,none,1653747232300998659,0
1653883127704571907_0,Yes,material,biotic,artificial_surfaces,1653883127704571907,0
1653883127704571907_1,Yes,material,biotic,artificial_surfaces,1653883127704571907,1
1653883127704571907_2,Yes,material,biotic,artificial_surfaces,1653883127704571907,2
1654185117730889729_0,No,,,,1654185117730889729,0
1655091087390945282_0,No,,,,1655091087390945282,0
1655242082183790595_0,No,,,,1655242082183790595,0
1655393077282873344_0,No,,,,1655393077282873344,0
1655559171725488129_0,Yes,immaterial,abiotic,none,1655559171725488129,0
1655695067179528192_0,No,,,,1655695067179528192,0
1655846062031077376_0,No,,,,1655846062031077376,0
1655997057063337984_0,Yes,material,biotic,,1655997057063337984,0
1656163151300407296_0,Yes,immaterial,biotic,forest_and_seminatural_areas,1656163151300407296,0
1656465141179744256_0,No,,,,1656465141179744256,0
1656616136321150976_0,Yes,immaterial,biotic,none,1656616136321150976,0
1657054021591367682_0,Yes,material,biotic,none,1657054021591367682,0
1657220116004716545_0,No,,,,1657220116004716545,0
1657507006503157767_0,Yes,material,biotic,artificial_surfaces,1657507006503157767,0
1657658001371672576_0,Yes,material,biotic,artificial_surfaces,1657658001371672576,0
1657808996378525696_0,No,,,,1657808996378525696,0
1657959991192502272_0,Yes,immaterial,biotic,none,1657959991192502272,0
1658110986199367684_0,Yes,immaterial,biotic,,1658110986199367684,0
1658110986199367684_1,Yes,immaterial,biotic,none,1658110986199367684,1
1658261980929572864_0,No,,,,1658261980929572864,0
1658745164960251905_0,No,,,,1658745164960251905,0
1659047154772475904_0,Yes,immaterial,biotic,,1659047154772475904,0
1659167950757064707_0,Yes,material,biotic,artificial_surfaces,1659167950757064707,0
1659318945751650309_0,Yes,immaterial,abiotic,none,1659318945751650309,0
1659469940750000130_0,No,,,,1659469940750000130,0
1659802129333370880_0,No,,,,1659802129333370880,0
1659953124545642497_0,Yes,immaterial,abiotic,none,1659953124545642497,0
1660134318356811776_0,Yes,immaterial,biotic,none,1660134318356811776,0
1660134318356811776_1,Yes,immaterial,biotic,none,1660134318356811776,1
1660224915285454852_0,No,,,,1660224915285454852,0
1660526905014231040_0,No,,,,1660526905014231040,0
1661010089199947778_0,No,,,,1661010089199947778,0
1661281879914426371_0,Yes,material,biotic,water_bodies,1661281879914426371,0
1661900959281233920_0,Yes,material,biotic,artificial_surfaces,1661900959281233920,0
1662036854747840512_0,Yes,immaterial,biotic,,1662036854747840512,0
1662489839588216833_0,No,,,,1662489839588216833,0
1662791829488824320_0,Yes,immaterial,biotic,none,1662791829488824320,0
1663259913668243457_0,Yes,material,biotic,,1663259913668243457,0
1663546804208795648_0,No,,,,1663546804208795648,0
1663712898646982657_0,Yes,material,biotic,,1663712898646982657,0
1663848794130370560_0,No,,,,1663848794130370560,0
1664060186963714059_0,No,,,,1664060186963714059,0
1664164876493680641_0,Yes,material,biotic,wetlands,1664164876493680641,0
1664316878448398336_0,No,,,,1664316878448398336,0
1664754763806789637_0,No,,,,1664754763806789637,0
1665056753686388736_0,No,,,,1665056753686388736,0
1665660733441601536_0,No,,,,1665660733441601536,0
1665977822857363456_0,No,,,,1665977822857363456,0
1666113718285942785_0,No,,,,1666113718285942785,0
1666612001504735233_0,Yes,material,abiotic,,1666612001504735233,0
1667019687979253763_0,No,,,,1667019687979253763,0
1667668966230347776_0,No,,,,1667668966230347776,0
1667774662657421312_1,Yes,material,biotic,none,1667774662657421312,1
1668272945985118212_0,No,,,,1668272945985118212,0
1668529637398401026_0,No,,,,1668529637398401026,0
1668695731635363871_0,No,,,,1668695731635363871,0
1668695731635363871_1,No,,,,1668695731635363871,1
1668695731635363871_2,No,,,,1668695731635363871,2
1668695731635363871_3,No,,,,1668695731635363871,3
1669133617098891265_0,Yes,immaterial,biotic,none,1669133617098891265,0
1669586601985429513_0,Yes,immaterial,biotic,none,1669586601985429513,0
1669586601985429513_1,Yes,immaterial,biotic,none,1669586601985429513,1
1669586601985429513_2,Yes,immaterial,biotic,none,1669586601985429513,2
1669737596921040897_0,Yes,immaterial,biotic,none,1669737596921040897,0
1669933889824100358_0,No,,,,1669933889824100358,0
1670039586855358464_0,No,,,,1670039586855358464,0
1670205681104740355_0,No,,,,1670205681104740355,0
1670417074219548672_0,No,,,,1670417074219548672,0
1671247546407157762_0,Yes,material,biotic,artificial_surfaces,1671247546407157762,0
1671549536177643520_0,No,,,none,1671549536177643520,0
1671851526174670857_0,No,,,none,1671851526174670857,0
1672304511015067649_0,No,,,none,1672304511015067649,0
1672757495666802688_0,No,,,none,1672757495666802688,0
1673089684480708610_0,Yes,immaterial,abiotic,none,1673089684480708610,0
1673376575079825414_0,No,,,none,1673376575079825414,0
1673512470525403137_0,No,,,none,1673512470525403137,0
1673708763893858306_0,No,,,none,1673708763893858306,0
1673844659431305216_0,No,,,none,1673844659431305216,0
1673965455323828224_0,No,,,none,1673965455323828224,0
1674131549770641409_0,No,,,none,1674131549770641409,0
1674267445165686784_0,No,,,none,1674267445165686784,0
1674418440172625920_0,Yes,immaterial,biotic,none,1674418440172625920,0
1674569435149922304_0,Yes,material,biotic,none,1674569435149922304,0
1674871425067278340_0,No,,,none,1674871425067278340,0
1675022420007329793_0,Yes,material,biotic,none,1675022420007329793,0
1675173414942670848_0,Yes,material,biotic,none,1675173414942670848,0
1675173414942670848_1,Yes,material,biotic,none,1675173414942670848,1
1675505603727302658_0,No,,,none,1675505603727302658,0
1675973687999176706_0,No,,,none,1675973687999176706,0
1676094484092792833_0,No,,,none,1676094484092792833,0
1676230379525611522_0,No,,,none,1676230379525611522,0
1676381374419435520_0,No,,,none,1676381374419435520,0
1676532369086623746_0,Yes,immaterial,abiotic,none,1676532369086623746,0
1676834359012126721_0,No,,,,1676834359012126721,0
1676985354279342081_0,No,,,none,1676985354279342081,0
1676985354279342081_1,No,,,none,1676985354279342081,1
1677302443657379843_0,No,,,,1677302443657379843,0
1677453438509096960_0,No,,,,1677453438509096960,0
1677589334025748480_0,No,,,,1677589334025748480,0
1677785627461316610_1,Yes,material,abiotic,artificial_surfaces,1677785627461316610,1
1677891323821723648_0,No,,,,1677891323821723648,0
1678344308779302912_1,Yes,material,biotic,none,1678344308779302912,1
1678646298621116416_0,No,,,,1678646298621116416,0
1678812393072394240_0,Yes,immaterial,biotic,none,1678812393072394240,0
1679053984991174656_0,Yes,material,biotic,none,1679053984991174656,0
1679129482290921475_0,Yes,immaterial,biotic,none,1679129482290921475,0
1679250278338396161_0,Yes,material,biotic,none,1679250278338396161,0
1679401273202823170_0,No,,,,1679401273202823170,0
1679552268272541701_0,Yes,immaterial,biotic,none,1679552268272541701,0
1679703263216799744_0,Yes,immaterial,biotic,none,1679703263216799744,0
1679854258215178240_0,No,,,,1679854258215178240,0
1680005253134008320_0,No,,,none,1680005253134008320,0
1680307243047088131_1,Yes,immaterial,biotic,none,1680307243047088131,1
1680503536478560257_0,No,,,none,1680503536478560257,0
1680624332350033921_0,No,,,,1680624332350033921,0
1680624332350033921_1,No,,,,1680624332350033921,1
1680775327197564928_0,No,,,,1680775327197564928,0
1680911222688940032_0,Yes,immaterial,biotic,artificial_surfaces,1680911222688940032,0
1681077317257543680_0,No,,,,1681077317257543680,0
1681228312020910080_0,No,,,,1681228312020910080,0
1681364207646670864_0,Yes,material,biotic,none,1681364207646670864,0
1681515202527854593_0,No,,,,1681515202527854593,0
1681817192411561990_0,Yes,material,biotic,none,1681817192411561990,0
1682285276524347392_0,No,,,,1682285276524347392,0
1682753361064480770_0,Yes,immaterial,biotic,none,1682753361064480770,0
1682874157065969664_0,No,,,,1682874157065969664,0
1683236544923029505_0,No,,,,1683236544923029505,0
1683659330594258946_0,Yes,immaterial,biotic,none,1683659330594258946,0
1683780126465740800_0,No,,,,1683780126465740800,0
1683946221151436800_0,Yes,material,biotic,none,1683946221151436800,0
1683946221151436800_1,Yes,material,biotic,none,1683946221151436800,1
1684384106388557824_0,Yes,material,biotic,none,1684384106388557824,0
1684550200793219074_0,No,,,,1684550200793219074,0
1684686096389599233_0,Yes,immaterial,abiotic,none,1684686096389599233,0
1684686096389599233_1,Yes,immaterial,abiotic,none,1684686096389599233,1
1684686096389599233_2,Yes,immaterial,abiotic,none,1684686096389599233,2
1684837091283292161_0,Yes,material,biotic,artificial_surfaces,1684837091283292161,0
1684988086285938699_0,No,,,,1684988086285938699,0
1685139081112563712_0,No,,,,1685139081112563712,0
1685290076203290624_0,Yes,material,biotic,,1685290076203290624,0
1685290076203290624_1,Yes,material,biotic,,1685290076203290624,1
1685290076203290624_2,Yes,material,biotic,,1685290076203290624,2
1685290076203290624_3,Yes,material,biotic,,1685290076203290624,3
1685622265008787456_0,Yes,material,biotic,none,1685622265008787456,0
1686060150312910848_0,No,,,,1686060150312910848,0
1686362140284776448_0,No,,,,1686362140284776448,0
1686498035679797248_0,No,,,,1686498035679797248,0
1686649029906575360_0,No,,,,1686649029906575360,0
1686800025630765066_0,No,,,,1686800025630765066,0
1686951020583112704_0,No,,,,1686951020583112704,0
1687404005419569152_0,No,,,,1687404005419569152,0
1687404005419569152_1,No,,,,1687404005419569152,1
1687555000023547904_0,No,,,,1687555000023547904,0
1687705995114414081_0,No,,,,1687705995114414081,0
1687947587217772544_0,Yes,material,biotic,artificial_surfaces,1687947587217772544,0
1688038183928209408_0,No,,,,1688038183928209408,0
1688158979971792896_0,Yes,immaterial,biotic,none,1688158979971792896,0
1688309974970122240_0,No,,,,1688309974970122240,0
1688611964585496577_0,No,,,,1688611964585496577,0
1688793158807953408_0,Yes,material,biotic,artificial_surfaces,1688793158807953408,0
1689080049255763968_0,Yes,material,biotic,none,1689080049255763968,0
1689366939574157312_0,Yes,material,biotic,none,1689366939574157312,0
1689970919303745536_0,No,,,,1689970919303745536,0
1690454103179317248_0,Yes,immaterial,biotic,none,1690454103179317248,0
1690725894078246912_0,Yes,immaterial,biotic,artificial_surfaces,1690725894078246912,0
1690876888988766208_0,No,,,,1690876888988766208,0
1691027883953897473_0,Yes,material,biotic,artificial_surfaces,1691027883953897473,0
1691495968376496136_0,No,,,,1691495968376496136,0
1691646963153097075_0,Yes,immaterial,biotic,none,1691646963153097075,0
1691948953192022285_0,No,,,,1691948953192022285,0
1692084848557515108_0,No,,,,1692084848557515108,0
1692235843627315595_0,No,,,,1692235843627315595,0
1692537833171669076_0,No,,,,1692537833171669076,0
1692839823352984021_0,No,,,,1692839823352984021,0
1693745792987648243_0,No,,,,1693745792987648243,0
1694047782938497267_0,No,,,,1694047782938497267,0
1694047782938497267_1,No,,,,1694047782938497267,1
1694228976888066552_0,No,,,,1694228976888066552,0
1694349772834873437_0,No,,,,1694349772834873437,0
1694576265020207232_0,No,,,,1694576265020207232,0
1694817857001886171_0,No,,,,1694817857001886171,0
1695119846923723048_0,Yes,material,abiotic,other,1695119846923723048,0
1695255742448603501_0,No,,,,1695255742448603501,0
1695572831885521116_0,No,,,,1695572831885521116,0
1695708727196660034_0,Yes,material,biotic,forest_and_seminatural_areas,1695708727196660034,0
1695874821685436690_0,No,,,,1695874821685436690,0
1696025816516407688_0,No,,,,1696025816516407688,0
1696161712099999931_0,No,,,,1696161712099999931,0
1696614696952992107_0,Yes,material,biotic,artificial_surfaces,1696614696952992107,0
1696780791353602079_0,No,,,,1696780791353602079,0
1696977084835348930_0,No,,,,1696977084835348930,0
1696977084835348930_1,No,,,,1696977084835348930,1
1696977084835348930_2,No,,,,1696977084835348930,2
1697218676758331446_0,Yes,immaterial,biotic,,1697218676758331446,0
1697520666361094573_1,Yes,material,biotic,agricultural_areas,1697520666361094573,1
1697520666361094573_3,Yes,material,biotic,artificial_surfaces,1697520666361094573,3
1697671661523439804_0,No,,,,1697671661523439804,0
1697822656488415431_0,No,,,,1697822656488415431,0
1698124646439096703_0,Yes,immaterial,biotic,forest_and_seminatural_areas,1698124646439096703,0
1698426636188729366_0,Yes,immaterial,biotic,agricultural_areas,1698426636188729366,0
1698879621054259651_0,No,,,,1698879621054259651,0
1699030615931195481_0,No,,,none,1699030615931195481,0
1699181611026182532_0,No,,,,1699181611026182532,0
1699634595845865655_0,No,,,,1699634595845865655,0
1700102680150946013_0,No,,,,1700102680150946013,0
1700102680150946013_1,No,,,,1700102680150946013,1
1700102680150946013_2,No,,,,1700102680150946013,2
1700238575441215865_0,No,,,,1700238575441215865,0
1700842555297124569_0,Yes,material,biotic,none,1700842555297124569,0
1700993550035697823_0,No,,,none,1700993550035697823,0
1701159644738043990_0,No,,,none,1701159644738043990,0
1701295539999088674_0,No,,,none,1701295539999088674,0
1701461634529607824_0,No,,,,1701461634529607824,0
1701899519984595422_0,Yes,material,biotic,artificial_surfaces,1701899519984595422,0
1702050514911793387_0,Yes,material,biotic,agricultural_areas,1702050514911793387,0
1702216609249538071_0,No,,,,1702216609249538071,0
1702352504875258132_0,Yes,immaterial,biotic,none,1702352504875258132,0
1702518599070703803_0,No,,,,1702518599070703803,0
1702654494746489290_0,No,,,,1702654494746489290,0
1702805489694711818_0,Yes,immaterial,abiotic,water_bodies,1702805489694711818,0
1702956484575834560_0,No,,,,1702956484575834560,0
1703258474426061034_0,Yes,immaterial,biotic,none,1703258474426061034,0
1703409469345169882_1,Yes,immaterial,biotic,none,1703409469345169882,1
1703409469345169882_2,Yes,immaterial,biotic,none,1703409469345169882,2
1703409469345169882_3,Yes,immaterial,biotic,none,1703409469345169882,3
1703560464393789586_0,No,,,,1703560464393789586,0
1703862454143304161_0,Yes,material,biotic,artificial_surfaces,1703862454143304161,0
1703862454143304161_1,Yes,material,biotic,artificial_surfaces,1703862454143304161,1
1703862454143304161_2,Yes,material,biotic,artificial_surfaces,1703862454143304161,2
1703862454143304161_3,Yes,material,biotic,artificial_surfaces,1703862454143304161,3
1704179543479599295_0,No,,,none,1704179543479599295,0
1704345638010495307_0,Yes,immaterial,biotic,,1704345638010495307,0
1704481533518549382_0,No,,,,1704481533518549382,0
1704617428867821707_0,No,,,,1704617428867821707,0
1704768423925068239_0,Yes,immaterial,biotic,none,1704768423925068239,0
1704919418893934676_0,No,,,,1704919418893934676,0
1705070413695558017_0,No,,,,1705070413695558017,0
1705568696939487628_0,Yes,immaterial,biotic,,1705568696939487628,0
1705674393630715997_0,Yes,material,biotic,artificial_surfaces,1705674393630715997,0
1705674393630715997_1,Yes,material,biotic,artificial_surfaces,1705674393630715997,1
1705674393630715997_2,Yes,material,biotic,artificial_surfaces,1705674393630715997,2
1705991483021464019_0,No,,,,1705991483021464019,0
1707652427351032187_0,No,,,,1707652427351032187,0
1707788322767077750_0,Yes,immaterial,biotic,none,1707788322767077750,0
1707788322767077750_1,Yes,immaterial,biotic,,1707788322767077750,1
1707954417226367378_0,Yes,immaterial,biotic,none,1707954417226367378,0
1708105412179005778_0,No,,,,1708105412179005778,0
1708845287383462342_0,Yes,immaterial,biotic,water_bodies,1708845287383462342,0
1708845287383462342_1,Yes,immaterial,biotic,,1708845287383462342,1
1708996282356797744_0,No,,,,1708996282356797744,0
1709192575796572579_0,No,,,,1709192575796572579,0
1709600262115967247_0,No,,,,1709600262115967247,0
1709600262115967247_1,No,,,,1709600262115967247,1
1709751257098064319_0,No,,,,1709751257098064319,0
1709751257098064319_1,No,,,,1709751257098064319,1
1709751257098064319_2,No,,,,1709751257098064319,2
1709902251886588045_0,No,,,,1709902251886588045,0
1710355236785975563_0,No,,,,1710355236785975563,0
1710521331165675617_0,No,,,none,1710521331165675617,0
1710657226787197324_0,No,,,,1710657226787197324,0
1711125310870368500_0,Yes,material,biotic,none,1711125310870368500,0
1711412201326579773_0,Yes,material,biotic,agricultural_areas,1711412201326579773,0
1711714191390994563_0,No,,,,1711714191390994563,0
1711880285841760695_0,No,,,,1711880285841760695,0
1712031280475607131_0,No,,,,1712031280475607131,0
1712348369912250593_0,No,,,,1712348369912250593,0
1712469166064914912_0,No,,,,1712469166064914912,0
1712922150947184961_0,No,,,,1712922150947184961,0
1713224140742619642_0,No,,,,1713224140742619642,0
1713405334654484740_0,No,,,,1713405334654484740,0
1713526130718724221_0,No,,,,1713526130718724221,0
1713526130718724221_1,No,,,,1713526130718724221,1
1713526130718724221_2,No,,,,1713526130718724221,2
1713692225085768101_0,No,,,,1713692225085768101,0
1713828120435028095_1,Yes,immaterial,biotic,,1713828120435028095,1
1714145209880326576_0,No,,,,1714145209880326576,0
1714145209880326576_1,No,,,,1714145209880326576,1
1714145209880326576_2,No,,,,1714145209880326576,2
1714462299375669517_0,No,,,,1714462299375669517,0
1715036080095846514_0,No,,,,1715036080095846514,0
1715338069987955034_0,Yes,immaterial,biotic,none,1715338069987955034,0
1715640059859202179_0,No,,,,1715640059859202179,0
1715640059859202179_1,No,,,,1715640059859202179,1
1715866552241725766_0,Yes,material,biotic,artificial_surfaces,1715866552241725766,0
1715866552241725766_1,Yes,material,biotic,artificial_surfaces,1715866552241725766,1
1716591327809310869_0,No,,,,1716591327809310869,0
1716757422398968236_0,No,,,none,1716757422398968236,0
1717014113862521188_0,No,,,,1717014113862521188,0
1717331203127165037_0,No,,,,1717331203127165037,0
1717618093621448812_0,No,,,,1717618093621448812,0
1717965382072369330_0,Yes,immaterial,abiotic,none,1717965382072369330,0
1717965382072369330_1,Yes,immaterial,abiotic,none,1717965382072369330,1
1717965382072369330_2,Yes,immaterial,abiotic,none,1717965382072369330,2
1717965382072369330_3,Yes,immaterial,abiotic,none,1717965382072369330,3
1718222073448034769_0,No,,,,1718222073448034769,0
1718357968897343981_0,No,,,,1718357968897343981,0
1718659958622085227_0,Yes,immaterial,biotic,none,1718659958622085227,0
1718961948400689311_0,No,,,none,1718961948400689311,0
1718961948400689311_1,No,,,none,1718961948400689311,1
1719112943307006201_0,No,,,,1719112943307006201,0
1719112943307006201_1,No,,,,1719112943307006201,1
1719112943307006201_2,No,,,,1719112943307006201,2
1719112943307006201_3,No,,,,1719112943307006201,3
1719414933488635971_0,Yes,material,abiotic,forest_and_seminatural_areas,1719414933488635971,0
1719565928365793316_0,No,,,,1719565928365793316,0
1719565928365793316_1,No,,,,1719565928365793316,1
1719867918379372562_0,No,,,none,1719867918379372562,0
1719867918379372562_1,No,,,none,1719867918379372562,1
1720018913193259019_0,Yes,immaterial,biotic,,1720018913193259019,0
1720351102149816720_0,No,,,,1720351102149816720,0
1720668191456711097_0,No,,,,1720668191456711097,0
1720773888005517500_0,Yes,immaterial,biotic,artificial_surfaces,1720773888005517500,0
1721226872762126736_0,Yes,material,biotic,forest_and_seminatural_areas,1721226872762126736,0
1721559061705945259_0,No,,,,1721559061705945259,0
1721694957197463793_0,No,,,,1721694957197463793,0
1721694957197463793_1,No,,,,1721694957197463793,1
1721830852538044501_0,No,,,,1721830852538044501,0
1722163041352253517_0,Yes,material,biotic,,1722163041352253517,0
1722283837462290706_0,No,,,,1722283837462290706,0
1722585827283288451_0,No,,,,1722585827283288451,0
1722918016113943003_0,No,,,,1722918016113943003,0
1723038812186542376_0,No,material,,,1723038812186542376,0
1723951324796965006_0,No,,,none,1723951324796965006,0
1723951324796965006_1,No,,,none,1723951324796965006,1
1724261871191302380_0,Yes,immaterial,biotic,none,1724261871191302380,0
1724548761634914492_0,No,,,,1724548761634914492,0
1724699756499235316_0,Yes,immaterial,biotic,,1724699756499235316,0
1724850751514562654_0,No,,,,1724850751514562654,0
1725001746475561183_0,Yes,material,biotic,none,1725001746475561183,0
1725318835732094991_0,No,,,,1725318835732094991,0
1725620825704067108_0,No,,,,1725620825704067108,0
1726209705859809763_0,Yes,immaterial,biotic,artificial_surfaces,1726209705859809763,0
1726209705859809763_1,Yes,immaterial,biotic,artificial_surfaces,1726209705859809763,1
1726209705859809763_2,Yes,immaterial,biotic,artificial_surfaces,1726209705859809763,2
1726421098944692726_0,No,,,,1726421098944692726,0
1726511695827505214_0,No,,,,1726511695827505214,0
1726662690830225884_0,Yes,material,biotic,none,1726662690830225884,0
1726813685669392608_0,No,,,,1726813685669392608,0
1726979780170674568_0,No,,,,1726979780170674568,0
1726979780170674568_1,No,,,,1726979780170674568,1
1726979780170674568_2,No,,,,1726979780170674568,2
1726979780170674568_3,No,,,,1726979780170674568,3
1727130775051731418_0,No,,,,1727130775051731418,0
1727130775051731418_1,No,,,,1727130775051731418,1
1727130775051731418_2,No,,,,1727130775051731418,2
1727266670602006858_0,No,,,,1727266670602006858,0
1727417665520845061_0,Yes,material,abiotic,artificial_surfaces,1727417665520845061,0
1728474630166319275_0,No,,,,1728474630166319275,0
1728625625089393006_0,Yes,material,biotic,forest_and_seminatural_areas,1728625625089393006,0
1729320201815023669_0,No,,,,1729320201815023669,0
1729531594778759383_0,No,,,,1729531594778759383,0
1730060076877041712_0,Yes,immaterial,abiotic,forest_and_seminatural_areas,1730060076877041712,0
1730286569146478847_0,No,,,,1730286569146478847,0
1730437564438585814_0,Yes,immaterial,abiotic,forest_and_seminatural_areas,1730437564438585814,0
1730588559340384714_0,No,,,,1730588559340384714,0
1730890549262000504_0,No,,,,1730890549262000504,0
1731192539120882048_0,No,,,,1731192539120882048,0
1731645523554451459_0,Yes,material,biotic,forest_and_seminatural_areas,1731645523554451459,0
1732098508512166045_0,No,,,,1732098508512166045,0
1732249503624024145_0,No,,,,1732249503624024145,0
1732551493608206708_0,No,,,,1732551493608206708,0
1733004478486302745_0,Yes,immaterial,biotic,none,1733004478486302745,0
1733004478486302745_1,Yes,immaterial,biotic,none,1733004478486302745,1
1733351766832672854_0,Yes,material,biotic,none,1733351766832672854,0
1733487662135144748_0,Yes,material,biotic,artificial_surfaces,1733487662135144748,0
1734061442914300141_0,No,,,,1734061442914300141,0
1734363432986751096_0,Yes,immaterial,biotic,,1734363432986751096,0
1734816417521004709_0,No,,,none,1734816417521004709,0
1735133507025055894_0,No,,,,1735133507025055894,0
1735284502048510425_0,No,,,,1735284502048510425,0
1735420397502505004_0,No,,,,1735420397502505004,0
1735571392282628503_0,Yes,immaterial,biotic,,1735571392282628503,0
1735571392282628503_1,Yes,immaterial,biotic,water_bodies,1735571392282628503,1
1735722387486728632_0,No,,,,1735722387486728632,0
1736175372205449693_0,Yes,immaterial,biotic,none,1736175372205449693,0
1736634900202012900_0,No,,,,1736634900202012900,0
1737096441347092709_0,Yes,material,biotic,artificial_surfaces,1737096441347092709,0
1737564525795090619_0,No,,,,1737564525795090619,0
1737564525795090619_1,No,,,,1737564525795090619,1
1737564525795090619_2,No,,,,1737564525795090619,2
1737685321750294986_0,Yes,material,biotic,none,1737685321750294986,0
1737851416163807419_0,No,,,,1737851416163807419,0
1737987311516672244_0,No,,,,1737987311516672244,0
1738138306494242913_0,No,,,,1738138306494242913,0
1738289301518250044_0,No,,,,1738289301518250044,0
1738440296474546640_0,Yes,immaterial,biotic,none,1738440296474546640,0
1738606390774521983_3,Yes,material,biotic,artificial_surfaces,1738606390774521983,3
1738914923932180710_0,Yes,material,biotic,artificial_surfaces,1738914923932180710,0
1738914923932180710_1,Yes,material,biotic,artificial_surfaces,1738914923932180710,1
1739195270896718169_0,Yes,immaterial,biotic,none,1739195270896718169,0
1739346266054676918_0,No,,,,1739346266054676918,0
1739346266054676918_1,No,,,,1739346266054676918,1
1739346266054676918_2,No,,,,1739346266054676918,2
1739497261069926465_0,No,,,,1739497261069926465,0
1739663355504427304_0,No,,,,1739663355504427304,0
1739799250790236510_0,No,,,,1739799250790236510,0
1740101240481046797_0,Yes,material,biotic,none,1740101240481046797,0
1740252235706380419_0,No,,,none,1740252235706380419,0
1740433429714415720_0,No,,,none,1740433429714415720,0
1740584424629301758_0,No,,,,1740584424629301758,0
1740705220538040601_0,No,,,none,1740705220538040601,0
1740886414290502114_0,No,,,none,1740886414290502114,0
1741028853001453718_0,Yes,immaterial,biotic,none,1741028853001453718,0
1477823023071866881_0,Yes,immaterial,abiotic,none,1477823023071866881,0
1477823023071866881_1,No,,,none,1477823023071866881,1
1477974017873260548_0,Yes,material,biotic,none,1477974017873260548,0
1478577997821231113_0,No,,,none,1478577997821231113,0
1479181977618112512_0,Yes,material,biotic,artificial_surfaces,1479181977618112512,0
1479936952195551235_0,No,,,none,1479936952195551235,0
1480238941815009280_0,Yes,immaterial,abiotic,none,1480238941815009280,0
1481295906704175109_0,Yes,immaterial,biotic,none,1481295906704175109,0
1481748891670401033_0,No,,,none,1481748891670401033,0
1484013815809384449_0,No,,,none,1484013815809384449,0
1484617795581194241_0,No,,,none,1484617795581194241,0
1485976749796114434_0,Yes,material,biotic,none,1485976749796114434,0
1485976749796114434_2,No,,,none,1485976749796114434,2
1485976749796114434_3,Yes,immaterial,abiotic,none,1485976749796114434,3
1486278739977768960_0,Yes,material,biotic,artificial_surfaces,1486278739977768960,0
1486580729605615617_0,Yes,immaterial,abiotic,none,1486580729605615617,0
1486731724797190145_0,No,,,none,1486731724797190145,0
1487184709675278340_0,Yes,material,biotic,none,1487184709675278340,0
1487486699529719820_0,No,,,none,1487486699529719820,0
1487788689048563720_0,Yes,immaterial,abiotic,none,1487788689048563720,0
1489751623614320640_0,Yes,immaterial,abiotic,none,1489751623614320640,0
1489751623614320640_1,No,,,none,1489751623614320640,1
1489902618092605445_0,No,,,none,1489902618092605445,0
1491563563005227011_0,No,,,none,1491563563005227011,0
1492318537691635714_0,Yes,material,biotic,none,1492318537691635714,0
1492469532568571904_0,No,,,none,1492469532568571904,0
1492469532568571904_1,No,,,none,1492469532568571904,1
1492469532568571904_2,Yes,immaterial,biotic,none,1492469532568571904,2
1492922517484453889_0,No,,,none,1492922517484453889,0
1493073512415870980_0,No,,,none,1493073512415870980,0
1493224507364069384_0,No,,,none,1493224507364069384,0
1493828487211331586_0,No,,,none,1493828487211331586,0
1494130476986032133_0,No,,,none,1494130476986032133,0
1495187441690370048_0,Yes,immaterial,biotic,none,1495187441690370048,0
1496395400722489344_0,No,,,none,1496395400722489344,0
1497452365598707714_0,No,,,none,1497452365598707714,0
1498358335485222915_0,No,,,none,1498358335485222915,0
1499415300139274242_0,Yes,material,biotic,water_bodies,1499415300139274242,0
1500472264562819072_0,Yes,immaterial,biotic,none,1500472264562819072,0
1501982214162161667_0,Yes,immaterial,abiotic,none,1501982214162161667,0
1503039178577256452_0,Yes,material,biotic,none,1503039178577256452,0
1503794153381105668_0,No,,,none,1503794153381105668,0
1504247138322165767_0,No,,,none,1504247138322165767,0
1504247138322165767_1,No,,,none,1504247138322165767,1
1504247138322165767_2,No,,,none,1504247138322165767,2
1505304102938492935_0,No,,,none,1505304102938492935,0
1506210072313147393_0,Yes,immaterial,biotic,agricultural_areas,1506210072313147393,0
1506663057191280650_0,Yes,material,biotic,none,1506663057191280650,0
1506663057191280650_2,Yes,immaterial,biotic,none,1506663057191280650,2
1506663057191280650_3,Yes,immaterial,biotic,none,1506663057191280650,3
1506814052370161671_0,No,,,none,1506814052370161671,0
1508776986600169472_0,No,,,none,1508776986600169472,0
1508776986600169472_1,No,,,none,1508776986600169472,1
1508776986600169472_2,No,,,none,1508776986600169472,2
1508776986600169472_3,No,,,none,1508776986600169472,3
1508927981556801548_0,No,,,none,1508927981556801548,0
1509229971453087745_0,No,,,none,1509229971453087745,0
1509682956163506176_0,No,,,none,1509682956163506176,0
1509833950511910913_0,No,,,none,1509833950511910913,0
1509984946198351872_0,Yes,immaterial,abiotic,none,1509984946198351872,0
1509984946198351872_1,No,,,none,1509984946198351872,1
1509984946198351872_2,No,,,none,1509984946198351872,2
1510437930975776773_0,Yes,immaterial,biotic,none,1510437930975776773,0
1513155839913336844_0,No,,,none,1513155839913336844,0
1514514794472095752_0,No,,,none,1514514794472095752,0
1514665789458112522_0,Yes,material,abiotic,water_bodies,1514665789458112522,0
1516628723738501124_0,No,,,none,1516628723738501124,0
1527349364779208704_1,Yes,immaterial,biotic,none,1527349364779208704,1
1527349364779208704_2,No,,,none,1527349364779208704,2
1527349364779208704_3,Yes,immaterial,biotic,none,1527349364779208704,3
1527500359723192320_0,No,,,none,1527500359723192320,0
1574082299771195392_2,Yes,immaterial,abiotic,none,1574082299771195392,2
1587520849908834305_0,No,,,none,1587520849908834305,0
1609807703546953728_0,Yes,immaterial,abiotic,none,1609807703546953728,0
1611619643000586240_0,No,,,none,1611619643000586240,0
1613159791379062785_0,No,,,none,1613159791379062785,0
1615696506379538433_0,No,,,none,1615696506379538433,0
1616058894333390849_0,No,,,none,1616058894333390849,0
1616511879026774034_0,No,,,none,1616511879026774034,0
1616783670097973250_0,No,,,none,1616783670097973250,0
1616783670097973250_1,No,,,none,1616783670097973250,1
1617236654678282240_0,No,,,none,1617236654678282240,0
1618867399909933056_0,No,,,none,1618867399909933056,0
1620407548733161475_0,No,,,none,1620407548733161475,0
1621132324292235264_0,No,,,none,1621132324292235264,0
1622672472909783055_1,Yes,material,abiotic,none,1622672472909783055,1
1623578442196217856_0,No,,,none,1623578442196217856,0
1624484412254523392_0,No,,,none,1624484412254523392,0
1624484412254523392_1,No,,,none,1624484412254523392,1
1624665606145409026_0,Yes,immaterial,biotic,none,1624665606145409026,0
1625390380916121600_0,Yes,immaterial,abiotic,none,1625390380916121600,0
1625843366465265666_0,Yes,immaterial,biotic,none,1625843366465265666,0
1626749336343261184_0,No,,,none,1626749336343261184,0
1627202321099681792_0,Yes,material,biotic,none,1627202321099681792,0
1627927096700948485_0,No,,,none,1627927096700948485,0
1629195454448558082_0,No,,,none,1629195454448558082,0
1629467245347758083_0,No,,,none,1629467245347758083,0
1630826199273332738_0,Yes,immaterial,biotic,none,1630826199273332738,0
1631007393730514963_0,No,,,none,1631007393730514963,0
1634268884583718912_0,No,,,none,1634268884583718912,0
1634721869415825409_0,No,,,none,1634721869415825409,0
1635356048214347777_0,No,,,none,1635356048214347777,0
1635537242046226432_0,No,,,none,1635537242046226432,0
1637802165761634304_0,Yes,material,biotic,none,1637802165761634304,0
1637892763248107525_0,No,,,none,1637892763248107525,0
1639161120564080641_0,Yes,material,biotic,none,1639161120564080641,0
1639161120564080641_1,No,,,none,1639161120564080641,1
1639161120564080641_2,No,,,none,1639161120564080641,2
1641063657025970181_0,No,,,none,1641063657025970181,0
1641063657025970181_1,No,,,none,1641063657025970181,1
1642875596366544896_0,No,,,none,1642875596366544896,0
1643781566076792832_0,No,,,none,1643781566076792832,0
1644143953900367872_0,No,,,none,1644143953900367872,0
1644415744690515968_0,Yes,material,abiotic,water_bodies,1644415744690515968,0
1644415744690515968_1,Yes,immaterial,biotic,none,1644415744690515968,1
1644687535635849217_0,No,,,none,1644687535635849217,0
1645140520560107521_0,Yes,material,biotic,forest_and_seminatural_areas,1645140520560107521,0
1646861862678454272_0,Yes,immaterial,biotic,none,1646861862678454272,0
1647133653791653889_0,No,,,none,1647133653791653889,0
1647133653791653889_1,Yes,material,biotic,none,1647133653791653889,1
1647133653791653889_2,No,,,none,1647133653791653889,2
1647133653791653889_3,Yes,immaterial,abiotic,none,1647133653791653889,3
1647586638590095362_0,No,,,none,1647586638590095362,0
1647858429434683393_0,No,,,none,1647858429434683393,0
1648492608296226818_0,Yes,immaterial,biotic,none,1648492608296226818,0
1649851562766811136_0,Yes,material,biotic,artificial_surfaces,1649851562766811136,0
1651391711086538753_0,Yes,immaterial,abiotic,none,1651391711086538753,0
1651482306824085505_0,Yes,immaterial,biotic,none,1651482306824085505,0
1652297680910012420_0,No,,,none,1652297680910012420,0
1652569471708528640_0,Yes,immaterial,biotic,none,1652569471708528640,0
1652841262280581122_0,No,,,none,1652841262280581122,0
1654200217162469386_0,Yes,material,biotic,artificial_surfaces,1654200217162469386,0
1656012156524011533_0,No,,,none,1656012156524011533,0
1656918126162767872_0,Yes,material,biotic,none,1656918126162767872,0
1656918126162767872_1,Yes,immaterial,biotic,none,1656918126162767872,1
1657371110977986568_0,Yes,material,biotic,none,1657371110977986568,0
1658458274650357761_0,No,,,none,1658458274650357761,0
1658911259469783041_0,No,,,none,1658911259469783041,0
1659636035083460608_0,No,,,none,1659636035083460608,0
1660451407911088128_0,Yes,immaterial,biotic,none,1660451407911088128,0
1661900959373565953_0,No,,,none,1661900959373565953,0
1661900959373565953_1,No,,,none,1661900959373565953,1
1661900959373565953_2,No,,,none,1661900959373565953,2
1661900959373565953_3,No,,,none,1661900959373565953,3
1662082153155375104_0,No,,,none,1662082153155375104,0
1662988122953506816_0,No,,,none,1662988122953506816,0
1665071853193375745_0,Yes,immaterial,biotic,artificial_surfaces,1665071853193375745,0
1665706031870103555_0,No,,,none,1665706031870103555,0
1667699165172736006_0,Yes,material,biotic,none,1667699165172736006,0
1668423940690018304_0,Yes,immaterial,biotic,none,1668423940690018304,0
1669329910605791235_0,No,,,none,1669329910605791235,0
1670960655967371268_0,No,,,none,1670960655967371268,0
1671413640334024704_1,No,,,none,1671413640334024704,1
1671776028316913664_0,No,,,none,1671776028316913664,0
1674131549741109250_0,Yes,material,biotic,artificial_surfaces,1674131549741109250,0
1674765728233259011_0,Yes,immaterial,biotic,none,1674765728233259011,0
1675490503574388736_0,Yes,material,biotic,artificial_surfaces,1675490503574388736,0
1675852891976785921_0,No,,,none,1675852891976785921,0
1676124682875961345_0,No,,,none,1676124682875961345,0
1676305876246753282_0,Yes,material,biotic,none,1676305876246753282,0
1677030652640722948_0,No,,,none,1677030652640722948,0
1677302443527348224_0,Yes,immaterial,biotic,none,1677302443527348224,0
1677936622065598465_0,No,,,none,1677936622065598465,0
1678570800960487427_0,Yes,material,biotic,artificial_surfaces,1678570800960487427,0
1678570800960487427_1,No,,,none,1678570800960487427,1
1678570800960487427_2,Yes,material,biotic,artificial_surfaces,1678570800960487427,2
1680926322153930753_0,Yes,material,biotic,artificial_surfaces,1680926322153930753,0
1680926322153930753_1,No,,,none,1680926322153930753,1
1683372440414453760_0,Yes,immaterial,biotic,none,1683372440414453760,0
1683825425225482241_0,Yes,material,biotic,none,1683825425225482241,0
1684459603512131584_0,No,,,none,1684459603512131584,0
1684550200575004675_0,No,,,none,1684550200575004675,0
1687449303881494528_0,No,,,none,1687449303881494528,0
1688083482356875264_0,No,,,none,1688083482356875264,0
1689080049264115712_0,No,,,none,1689080049264115712,0
1690348406613389312_0,Yes,immaterial,abiotic,none,1690348406613389312,0
1690439003609432064_0,Yes,material,biotic,none,1690439003609432064,0
1691526167348613122_0,No,material,,none,1691526167348613122,0
1691797958277173540_0,Yes,immaterial,biotic,none,1691797958277173540,0
1693609897454452977_0,No,,,none,1693609897454452977,0
1694425270105837644_0,No,,,none,1694425270105837644,0
1694697061197705247_0,No,,,none,1694697061197705247,0
1695421836438175971_0,No,,,none,1695421836438175971,0
1697686756856942833_0,No,,,none,1697686756856942833,0
1698683327719641423_0,No,,,none,1698683327719641423,0
1698773924698333409_0,No,,,none,1698773924698333409,0
1699226909417304351_0,Yes,material,biotic,artificial_surfaces,1699226909417304351,0
1701491832524267782_0,Yes,material,biotic,forest_and_seminatural_areas,1701491832524267782,0
1701673027602161770_0,Yes,material,biotic,none,1701673027602161770,0
1701673027602161770_1,Yes,material,biotic,none,1701673027602161770,1
1702126003332534405_0,No,,,none,1702126003332534405,0
1702216608872063157_0,No,,,none,1702216608872063157,0
1703394369271636175_0,No,,,none,1703394369271636175,0
1703937951644766350_0,Yes,material,biotic,artificial_surfaces,1703937951644766350,0
1704572130237493386_0,No,,,none,1704572130237493386,0
1704572130237493386_1,No,,,none,1704572130237493386,1
1704572130237493386_2,No,,,none,1704572130237493386,2
1710279739418509414_0,Yes,immaterial,abiotic,none,1710279739418509414,0
1710279739418509414_1,No,,,none,1710279739418509414,1
1713903603398688778_0,No,,,none,1713903603398688778,0
1714266005768130977_0,No,,,none,1714266005768130977,0
1715443766297817520_0,Yes,immaterial,biotic,none,1715443766297817520,0
1716168542226178248_0,No,,,none,1716168542226178248,0
1716349735655604505_0,No,,,none,1716349735655604505,0
1716893308889563189_0,No,,,none,1716893308889563189,0
1717074503082135966_0,No,,,none,1717074503082135966,0
1719067645025149214_0,Yes,immaterial,biotic,none,1719067645025149214,0
1721513762841047143_0,Yes,material,biotic,none,1721513762841047143,0
1721694957008748986_0,No,,,none,1721694957008748986,0
1722419732928983549_0,No,,,none,1722419732928983549,0
1722600926710472874_0,No,,,none,1722600926710472874,0
1724141075265126760_0,Yes,material,biotic,none,1724141075265126760,0
1724412866122424477_0,Yes,material,biotic,artificial_surfaces,1724412866122424477,0
1725228238878736410_0,No,,,none,1725228238878736410,0
1725500029790478641_0,No,,,none,1725500029790478641,0
1725771820530373072_0,Yes,material,biotic,agricultural_areas,1725771820530373072,0
1726587193370853728_0,No,,,none,1726587193370853728,0
1727040178060214463_0,Yes,immaterial,biotic,none,1727040178060214463,0
1727583760000880697_0,No,,,none,1727583760000880697,0
1727583760000880697_1,No,,,none,1727583760000880697,1
1727583760000880697_2,No,,,none,1727583760000880697,2
1727583760000880697_3,No,,,none,1727583760000880697,3
1727764953749127479_0,Yes,material,abiotic,none,1727764953749127479,0
1728489729572638906_0,No,,,none,1728489729572638906,0
1729848684039266677_0,No,,,none,1729848684039266677,0
1730211071980400739_0,Yes,material,biotic,none,1730211071980400739,0
1732475996132016501_0,No,,,none,1732475996132016501,0
1732747786947297766_0,Yes,immaterial,abiotic,none,1732747786947297766,0
1732747786947297766_1,Yes,immaterial,biotic,none,1732747786947297766,1
1732747786947297766_2,No,,,none,1732747786947297766,2
1732928980989456797_0,Yes,material,biotic,none,1732928980989456797,0
1733834950271484160_0,Yes,material,biotic,none,1733834950271484160,0
1734016144464368007_0,No,,,none,1734016144464368007,0
1736371665477439914_0,No,,,none,1736371665477439914,0
1737911813625291120_0,Yes,immaterial,biotic,none,1737911813625291120,0
1738274201897771303_0,Yes,immaterial,biotic,none,1738274201897771303,0
1740720319923421388_0,No,,,none,1740720319923421388,0
